step,train_acts_billions,train_loss
24,9.8e-05,2.3286
47,0.000193,2.3179
71,0.000291,2.3078
94,0.000385,2.3054
118,0.000483,2.2866
142,0.000582,2.2781
165,0.000676,2.2558
189,0.000774,2.2188
213,0.000872,2.1753
236,0.000967,2.1144
260,0.001065,2.0376
284,0.001163,1.9737
307,0.001257,1.9392
332,0.00136,1.9215
356,0.001458,1.9042
380,0.001556,1.8961
403,0.001651,1.8912
428,0.001753,1.8729
451,0.001847,1.8592
475,0.001946,1.8436
499,0.002044,1.8326
523,0.002142,1.8102
547,0.002241,1.809
571,0.002339,1.8037
594,0.002433,1.784
618,0.002531,1.783
641,0.002626,1.7664
665,0.002724,1.7483
688,0.002818,1.7368
712,0.002916,1.7378
734,0.003006,1.7193
757,0.003101,1.7205
779,0.003191,1.691
803,0.003289,1.6813
827,0.003387,1.6928
851,0.003486,1.6743
875,0.003584,1.6487
898,0.003678,1.6305
921,0.003772,1.6225
945,0.003871,1.6121
969,0.003969,1.5865
993,0.004067,1.5845
1017,0.004166,1.5692
1040,0.00426,1.5802
1063,0.004354,1.5645
1087,0.004452,1.5489
1111,0.004551,1.5295
1135,0.004649,1.5231
1159,0.004747,1.5184
1182,0.004841,1.5153
1205,0.004936,1.5088
1229,0.005034,1.4962
1251,0.005124,1.487
1274,0.005218,1.4871
1297,0.005313,1.47
1321,0.005411,1.4726
1345,0.005509,1.4684
1368,0.005603,1.4692
1392,0.005702,1.4606
1417,0.005804,1.4533
1440,0.005898,1.4427
1464,0.005997,1.444
1487,0.006091,1.4292
1511,0.006189,1.4218
1534,0.006283,1.4252
1557,0.006377,1.4111
1582,0.00648,1.4221
1604,0.00657,1.412
1627,0.006664,1.4028
1650,0.006758,1.3994
1673,0.006853,1.3975
1698,0.006955,1.3905
1722,0.007053,1.3879
1745,0.007148,1.3823
1770,0.00725,1.3711
1794,0.007348,1.3881
1817,0.007442,1.3714
1841,0.007541,1.3646
1864,0.007635,1.3623
1888,0.007733,1.3592
1912,0.007832,1.3486
1936,0.00793,1.3456
1960,0.008028,1.3473
1983,0.008122,1.3451
2007,0.008221,1.3385
2031,0.008319,1.3329
2054,0.008413,1.3423
2078,0.008511,1.3259
2101,0.008606,1.335
2125,0.008704,1.3271
2148,0.008798,1.3236
2172,0.008897,1.3232
2195,0.008991,1.3181
2219,0.009089,1.3185
2243,0.009187,1.3145
2268,0.00929,1.2936
2292,0.009388,1.3068
2316,0.009486,1.2942
2339,0.009581,1.3021
2363,0.009679,1.2862
2386,0.009773,1.2905
2409,0.009867,1.2905
2433,0.009966,1.2796
2457,0.010064,1.2867
2480,0.010158,1.284
2503,0.010252,1.2775
2526,0.010346,1.2761
2550,0.010445,1.2728
2574,0.010543,1.2664
2598,0.010641,1.262
2621,0.010736,1.2606
2645,0.010834,1.2605
2669,0.010932,1.2638
2693,0.011031,1.2654
2717,0.011129,1.2745
2741,0.011227,1.2623
2764,0.011321,1.2621
2788,0.01142,1.2666
2812,0.011518,1.2489
2835,0.011612,1.2428
2859,0.01171,1.2427
2884,0.011813,1.2388
2908,0.011911,1.2426
2932,0.012009,1.2378
2955,0.012104,1.2465
2979,0.012202,1.2336
3002,0.012296,1.2296
3026,0.012394,1.2367
3050,0.012493,1.2318
3074,0.012591,1.2416
3097,0.012685,1.2376
3122,0.012788,1.2283
3145,0.012882,1.2376
3168,0.012976,1.2338
3190,0.013066,1.2334
3214,0.013165,1.2304
3238,0.013263,1.2263
3261,0.013357,1.2272
3285,0.013455,1.2163
3309,0.013554,1.2219
3332,0.013648,1.2313
3356,0.013746,1.2217
3379,0.01384,1.2095
3403,0.013939,1.2205
3427,0.014037,1.2217
3452,0.014139,1.219
3476,0.014238,1.2259
3499,0.014332,1.214
3523,0.01443,1.2146
3547,0.014529,1.201
3571,0.014627,1.2085
3595,0.014725,1.1955
3619,0.014823,1.2041
3642,0.014918,1.2072
3665,0.015012,1.2006
3689,0.01511,1.2072
3713,0.015208,1.197
3737,0.015307,1.207
3760,0.015401,1.204
3784,0.015499,1.2054
3807,0.015593,1.1962
3831,0.015692,1.1986
3854,0.015786,1.2006
3877,0.01588,1.1928
3901,0.015978,1.1911
3924,0.016073,1.186
3947,0.016167,1.1838
3970,0.016261,1.19
3993,0.016355,1.1861
4017,0.016454,1.2016
4041,0.016552,1.1907
4065,0.01665,1.2183
4089,0.016749,1.1868
4113,0.016847,1.178
4136,0.016941,1.2021
4159,0.017035,1.1776
4183,0.017134,1.1871
4207,0.017232,1.1916
4231,0.01733,1.1839
4254,0.017424,1.1761
4278,0.017523,1.1804
4302,0.017621,1.1923
4325,0.017715,1.176
4349,0.017814,1.189
4373,0.017912,1.1723
4396,0.018006,1.1831
4420,0.018104,1.1802
4444,0.018203,1.1841
4468,0.018301,1.1749
4492,0.018399,1.1658
4516,0.018498,1.1768
4539,0.018592,1.1873
4563,0.01869,1.1786
4587,0.018788,1.1761
4610,0.018883,1.1656
4633,0.018977,1.1771
4656,0.019071,1.1755
4680,0.019169,1.1635
4703,0.019263,1.1824
4726,0.019358,1.1768
4750,0.019456,1.1696
4774,0.019554,1.1745
4797,0.019649,1.1595
4821,0.019747,1.1702
4845,0.019845,1.1625
4868,0.019939,1.1753
4892,0.020038,1.162
4915,0.020132,1.1605
4939,0.02023,1.1665
4963,0.020328,1.1803
4986,0.020423,1.1679
5010,0.020521,1.1769
5034,0.020619,1.1676
5057,0.020713,1.1587
5081,0.020812,1.1607
5105,0.02091,1.1619
5129,0.021008,1.1621
5153,0.021107,1.1544
5176,0.021201,1.1576
5198,0.021291,1.1589
5221,0.021385,1.1527
5244,0.021479,1.1633
5267,0.021574,1.1536
5290,0.021668,1.1584
5314,0.021766,1.1567
5338,0.021864,1.15
5361,0.021959,1.1519
5385,0.022057,1.1565
5408,0.022151,1.1517
5432,0.022249,1.1482
5456,0.022348,1.1484
5480,0.022446,1.15
5504,0.022544,1.1602
5527,0.022639,1.1512
5550,0.022733,1.1502
5573,0.022827,1.1632
5597,0.022925,1.1551
5621,0.023024,1.1526
5645,0.023122,1.1478
5669,0.02322,1.146
5692,0.023314,1.1564
5716,0.023413,1.1301
5739,0.023507,1.1351
5763,0.023605,1.1385
5787,0.023704,1.1509
5811,0.023802,1.1373
5835,0.0239,1.1529
5859,0.023998,1.1458
5883,0.024097,1.1354
5906,0.024191,1.145
5930,0.024289,1.1434
5953,0.024383,1.1392
5977,0.024482,1.1367
5999,0.024572,1.1357
6023,0.02467,1.1397
6046,0.024764,1.1395
6069,0.024859,1.1492
6092,0.024953,1.1411
6116,0.025051,1.1342
6140,0.025149,1.1339
6164,0.025248,1.1354
6188,0.025346,1.1333
6211,0.02544,1.1224
6234,0.025534,1.1448
6257,0.025629,1.129
6281,0.025727,1.129
6305,0.025825,1.1327
6327,0.025915,1.1445
6351,0.026014,1.1282
6375,0.026112,1.1462
6398,0.026206,1.1305
6421,0.0263,1.1358
6446,0.026403,1.1365
6470,0.026501,1.1453
6493,0.026595,1.1398
6517,0.026694,1.1264
6541,0.026792,1.1409
6565,0.02689,1.128
6589,0.026989,1.1259
6613,0.027087,1.1269
6637,0.027185,1.1293
6662,0.027288,1.1323
6686,0.027386,1.1342
6708,0.027476,1.118
6732,0.027574,1.1316
6756,0.027673,1.1335
6779,0.027767,1.1248
6803,0.027865,1.1356
6828,0.027967,1.1294
6851,0.028062,1.1353
6875,0.02816,1.1353
6899,0.028258,1.1218
6923,0.028357,1.1277
6946,0.028451,1.125
6970,0.028549,1.1347
6994,0.028647,1.1465
7018,0.028746,1.1199
7042,0.028844,1.1169
7065,0.028938,1.122
7088,0.029032,1.1179
7111,0.029127,1.1212
7135,0.029225,1.1195
7159,0.029323,1.1162
7183,0.029422,1.1141
7207,0.02952,1.1332
7231,0.029618,1.127
7255,0.029716,1.1215
7277,0.029807,1.1196
7301,0.029905,1.12
7324,0.029999,1.1184
7346,0.030089,1.1145
7369,0.030183,1.1207
7392,0.030278,1.1247
7416,0.030376,1.1254
7439,0.03047,1.1136
7463,0.030568,1.1222
7487,0.030667,1.1119
7511,0.030765,1.1168
7535,0.030863,1.122
7558,0.030958,1.1185
7582,0.031056,1.1237
7606,0.031154,1.1192
7629,0.031248,1.1118
7652,0.031343,1.1092
7676,0.031441,1.1086
7699,0.031535,1.1218
7723,0.031633,1.1127
7747,0.031732,1.1269
7770,0.031826,1.1259
7794,0.031924,1.1074
7812,0.031998,1.108
7818,0.032023,1.1021
7841,0.032117,1.1142
7865,0.032215,1.1125
7888,0.032309,1.1166
7912,0.032408,1.1261
7936,0.032506,1.1114
7961,0.032608,1.114
7985,0.032707,1.1136
8008,0.032801,1.1066
8032,0.032899,1.1212
8056,0.032997,1.1164
8079,0.033092,1.1263
8103,0.03319,1.1177
8127,0.033288,1.1095
8151,0.033386,1.1084
8175,0.033485,1.1173
8199,0.033583,1.1004
8222,0.033677,1.1051
8245,0.033772,1.1184
8268,0.033866,1.1191
8291,0.03396,1.1086
8314,0.034054,1.1079
8339,0.034157,1.1018
8362,0.034251,1.1107
8385,0.034345,1.1112
8409,0.034443,1.1121
8431,0.034533,1.1061
8455,0.034632,1.1104
8479,0.03473,1.1106
8503,0.034828,1.1004
8526,0.034922,1.1052
8550,0.035021,1.1058
8573,0.035115,1.11
8596,0.035209,1.105
8619,0.035303,1.118
8643,0.035402,1.1054
8667,0.0355,1.1039
8691,0.035598,1.1094
8715,0.035697,1.1029
8738,0.035791,1.1052
8761,0.035885,1.1034
8785,0.035983,1.0986
8809,0.036082,1.106
8833,0.03618,1.1107
8856,0.036274,1.1031
8880,0.036372,1.1019
8903,0.036467,1.1012
8927,0.036565,1.0991
8950,0.036659,1.1047
8974,0.036758,1.1102
8997,0.036852,1.0921
9021,0.03695,1.0999
9044,0.037044,1.0907
9067,0.037138,1.1057
9090,0.037233,1.1004
9114,0.037331,1.0992
9137,0.037425,1.1071
9160,0.037519,1.1062
9184,0.037618,1.0981
9207,0.037712,1.1164
9231,0.03781,1.1064
9255,0.037908,1.1108
9279,0.038007,1.0939
9302,0.038101,1.0921
9325,0.038195,1.0942
9349,0.038294,1.1033
9372,0.038388,1.1048
9397,0.03849,1.0926
9420,0.038584,1.1018
9443,0.038679,1.1044
9468,0.038781,1.0991
9492,0.038879,1.1004
9516,0.038978,1.1086
9540,0.039076,1.0912
9564,0.039174,1.0919
9587,0.039268,1.1016
9611,0.039367,1.0945
9635,0.039465,1.097
9659,0.039563,1.0916
9683,0.039662,1.1007
9706,0.039756,1.0966
9729,0.03985,1.0961
9753,0.039948,1.0981
9778,0.040051,1.0922
9801,0.040145,1.0893
9824,0.040239,1.0941
9848,0.040337,1.0966
9871,0.040432,1.0917
9895,0.04053,1.0866
9919,0.040628,1.103
9942,0.040722,1.0978
9964,0.040813,1.0968
9987,0.040907,1.0939
10011,0.041005,1.0959
10034,0.041099,1.0983
10057,0.041193,1.0935
10080,0.041288,1.0877
10104,0.041386,1.0944
10128,0.041484,1.094
10151,0.041578,1.096
10175,0.041677,1.0806
10199,0.041775,1.0944
10223,0.041873,1.0874
10246,0.041968,1.0952
10269,0.042062,1.0743
10293,0.04216,1.084
10317,0.042258,1.0964
10341,0.042357,1.0845
10365,0.042455,1.0944
10388,0.042549,1.0892
10412,0.042648,1.0878
10435,0.042742,1.0859
10459,0.04284,1.086
10482,0.042934,1.0894
10506,0.043033,1.0937
10529,0.043127,1.0967
10554,0.043229,1.0876
10578,0.043327,1.0914
10602,0.043426,1.0852
10625,0.04352,1.0879
10650,0.043622,1.0815
10673,0.043717,1.091
10697,0.043815,1.0821
10720,0.043909,1.0781
10744,0.044007,1.0849
10767,0.044102,1.0791
10791,0.0442,1.0866
10814,0.044294,1.0877
10837,0.044388,1.0861
10861,0.044487,1.0896
10885,0.044585,1.0769
10908,0.044679,1.0791
10932,0.044777,1.0854
10955,0.044872,1.0856
10980,0.044974,1.078
11004,0.045072,1.1013
11027,0.045167,1.084
11051,0.045265,1.0859
11075,0.045363,1.0882
11099,0.045462,1.0852
11123,0.04556,1.0939
11147,0.045658,1.0912
11172,0.045761,1.0958
11195,0.045855,1.0802
11219,0.045953,1.0776
11243,0.046051,1.0857
11267,0.04615,1.0746
11291,0.046248,1.0772
11314,0.046342,1.0833
11338,0.04644,1.0833
11360,0.046531,1.0891
11384,0.046629,1.0809
11408,0.046727,1.0773
11432,0.046825,1.0772
11456,0.046924,1.0842
11479,0.047018,1.0641
11502,0.047112,1.0822
11526,0.04721,1.0845
11550,0.047309,1.0767
11574,0.047407,1.0907
11597,0.047501,1.0768
11621,0.0476,1.0671
11644,0.047694,1.0782
11668,0.047792,1.0636
11692,0.04789,1.0786
11716,0.047989,1.0771
11739,0.048083,1.0838
11764,0.048185,1.0766
11787,0.04828,1.0795
11810,0.048374,1.0819
11835,0.048476,1.0686
11859,0.048574,1.077
11883,0.048673,1.08
11906,0.048767,1.0879
11930,0.048865,1.0853
11952,0.048955,1.071
11977,0.049058,1.0769
12001,0.049156,1.0821
12023,0.049246,1.0717
12048,0.049349,1.0714
12072,0.049447,1.0863
12095,0.049541,1.0763
12119,0.049639,1.0725
12143,0.049738,1.0666
12166,0.049832,1.0784
12190,0.04993,1.0726
12214,0.050029,1.0675
12238,0.050127,1.0801
12260,0.050217,1.0792
12283,0.050311,1.0702
12306,0.050405,1.0763
12331,0.050508,1.0731
12354,0.050602,1.0655
12379,0.050704,1.0803
12402,0.050799,1.0633
12425,0.050893,1.0663
12450,0.050995,1.0755
12473,0.051089,1.0646
12496,0.051184,1.0859
12519,0.051278,1.0819
12542,0.051372,1.0926
12566,0.05147,1.0748
12590,0.051569,1.0837
12614,0.051667,1.0813
12638,0.051765,1.0666
12662,0.051864,1.0761
12684,0.051954,1.0675
12708,0.052052,1.0654
12732,0.05215,1.0716
12754,0.05224,1.0688
12778,0.052339,1.0653
12802,0.052437,1.0821
12827,0.052539,1.0678
12849,0.05263,1.0662
12873,0.052728,1.0664
12895,0.052818,1.0621
12919,0.052916,1.0657
12943,0.053015,1.0736
12967,0.053113,1.0638
12991,0.053211,1.0604
13014,0.053305,1.0609
13037,0.0534,1.0688
13060,0.053494,1.0756
13085,0.053596,1.065
13109,0.053694,1.0642
13132,0.053789,1.0681
13156,0.053887,1.0669
13180,0.053985,1.0733
13204,0.054084,1.0757
13228,0.054182,1.0615
13252,0.05428,1.0631
13276,0.054378,1.0639
13300,0.054477,1.0617
13323,0.054571,1.066
13347,0.054669,1.0699
13371,0.054768,1.0716
13395,0.054866,1.0616
13419,0.054964,1.0634
13442,0.055058,1.0671
13466,0.055157,1.0787
13490,0.055255,1.0737
13513,0.055349,1.0584
13537,0.055448,1.0659
13561,0.055546,1.0608
13584,0.05564,1.0683
13608,0.055738,1.0555
13632,0.055837,1.0628
13657,0.055939,1.0616
13680,0.056033,1.0561
13704,0.056132,1.0672
13727,0.056226,1.0566
13752,0.056328,1.0608
13776,0.056426,1.0519
13799,0.056521,1.0733
13822,0.056615,1.0723
13845,0.056709,1.0562
13869,0.056807,1.0518
13893,0.056906,1.0655
13917,0.057004,1.062
13940,0.057098,1.0587
13964,0.057197,1.0581
13988,0.057295,1.0631
14012,0.057393,1.058
14035,0.057487,1.0608
14058,0.057582,1.0612
14082,0.05768,1.0509
14106,0.057778,1.0588
14129,0.057872,1.0686
14152,0.057967,1.0623
14176,0.058065,1.0653
14199,0.058159,1.0486
14222,0.058253,1.0623
14246,0.058352,1.0609
14269,0.058446,1.068
14292,0.05854,1.0652
14316,0.058638,1.0672
14340,0.058737,1.0778
14364,0.058835,1.0589
14388,0.058933,1.0597
14412,0.059032,1.0605
14436,0.05913,1.0684
14459,0.059224,1.0633
14482,0.059318,1.0621
14506,0.059417,1.058
14530,0.059515,1.0665
14554,0.059613,1.0598
14578,0.059711,1.0572
14601,0.059806,1.0643
14625,0.059904,1.0646
14648,0.059998,1.0658
14672,0.060097,1.0496
14696,0.060195,1.0526
14719,0.060289,1.059
14742,0.060383,1.0744
14765,0.060477,1.0467
14789,0.060576,1.0707
14813,0.060674,1.0625
14837,0.060772,1.0502
14861,0.060871,1.0677
14883,0.060961,1.0632
14907,0.061059,1.0618
14931,0.061157,1.0626
14954,0.061252,1.0597
14979,0.061354,1.0529
15003,0.061452,1.0717
15027,0.061551,1.0478
15051,0.061649,1.0622
15074,0.061743,1.0653
15099,0.061846,1.0695
15122,0.06194,1.06
15146,0.062038,1.0478
15171,0.06214,1.0527
15195,0.062239,1.0554
15219,0.062337,1.0608
15242,0.062431,1.0642
15266,0.06253,1.0508
15289,0.062624,1.045
15313,0.062722,1.048
15337,0.06282,1.0582
15360,0.062915,1.0582
15384,0.063013,1.0525
15407,0.063107,1.0453
15431,0.063205,1.0607
15455,0.063304,1.0463
15478,0.063398,1.0663
15501,0.063492,1.0553
15524,0.063586,1.0542
15548,0.063685,1.0591
15572,0.063783,1.056
15596,0.063881,1.0495
15619,0.063975,1.0479
15624,0.063996,1.0715
15642,0.06407,1.0637
15666,0.064168,1.0658
15689,0.064262,1.0508
15713,0.06436,1.0523
15738,0.064463,1.0495
15760,0.064553,1.0613
15783,0.064647,1.0529
15807,0.064745,1.0534
15830,0.06484,1.0538
15854,0.064938,1.053
15879,0.06504,1.0486
15901,0.06513,1.0564
15925,0.065229,1.0511
15949,0.065327,1.0504
15973,0.065425,1.0481
15996,0.06552,1.0634
16019,0.065614,1.0416
16043,0.065712,1.0593
16066,0.065806,1.0612
16091,0.065909,1.0588
16115,0.066007,1.0471
16138,0.066101,1.0466
16162,0.0662,1.0562
16186,0.066298,1.0592
16210,0.066396,1.048
16233,0.06649,1.0571
16257,0.066589,1.057
16280,0.066683,1.0518
16304,0.066781,1.0551
16328,0.066879,1.0468
16352,0.066978,1.0624
16376,0.067076,1.049
16398,0.067166,1.0483
16422,0.067265,1.0582
16446,0.067363,1.0429
16469,0.067457,1.0402
16493,0.067555,1.0357
16517,0.067654,1.0428
16541,0.067752,1.0491
16565,0.06785,1.0326
16588,0.067944,1.0488
16612,0.068043,1.0489
16635,0.068137,1.0628
16659,0.068235,1.0524
16683,0.068334,1.0505
16707,0.068432,1.0637
16730,0.068526,1.0577
16753,0.06862,1.0481
16777,0.068719,1.0486
16801,0.068817,1.0562
16826,0.068919,1.0444
16849,0.069014,1.0436
16874,0.069116,1.0491
16897,0.06921,1.05
16921,0.069308,1.0545
16945,0.069407,1.0459
16968,0.069501,1.0539
16991,0.069595,1.0583
17015,0.069693,1.0592
17039,0.069792,1.0427
17062,0.069886,1.045
17086,0.069984,1.0484
17109,0.070078,1.0549
17133,0.070177,1.0446
17157,0.070275,1.0404
17181,0.070373,1.0481
17204,0.070468,1.0432
17228,0.070566,1.042
17251,0.07066,1.0497
17275,0.070758,1.0517
17299,0.070857,1.0536
17323,0.070955,1.0497
17347,0.071053,1.0446
17369,0.071143,1.0456
17394,0.071246,1.0459
17417,0.07134,1.0469
17441,0.071438,1.05
17466,0.071541,1.0463
17488,0.071631,1.0569
17513,0.071733,1.0481
17535,0.071823,1.046
17560,0.071926,1.0416
17583,0.07202,1.039
17608,0.072122,1.0377
17632,0.072221,1.0354
17655,0.072315,1.054
17679,0.072413,1.0389
17701,0.072503,1.0416
17725,0.072602,1.041
17748,0.072696,1.0536
17772,0.072794,1.0509
17796,0.072892,1.0525
17820,0.072991,1.0463
17843,0.073085,1.0407
17867,0.073183,1.0471
17891,0.073282,1.0472
17916,0.073384,1.0414
17939,0.073478,1.0455
17962,0.073572,1.0456
17985,0.073667,1.0374
18008,0.073761,1.0477
18032,0.073859,1.049
18056,0.073957,1.0392
18079,0.074052,1.0491
18102,0.074146,1.0451
18126,0.074244,1.051
18150,0.074342,1.0457
18174,0.074441,1.0488
18197,0.074535,1.0457
18221,0.074633,1.0465
18245,0.074732,1.0368
18267,0.074822,1.0431
18292,0.074924,1.0515
18315,0.075018,1.0381
18339,0.075117,1.0429
18363,0.075215,1.0375
18386,0.075309,1.0408
18410,0.075407,1.0465
18433,0.075502,1.0495
18457,0.0756,1.04
18481,0.075698,1.0397
18505,0.075796,1.0397
18529,0.075895,1.0397
18551,0.075985,1.0448
18575,0.076083,1.0389
18599,0.076182,1.038
18622,0.076276,1.0491
18646,0.076374,1.0549
18669,0.076468,1.0505
18692,0.076562,1.0488
18716,0.076661,1.0402
18740,0.076759,1.0373
18762,0.076849,1.0525
18786,0.076947,1.0521
18810,0.077046,1.036
18834,0.077144,1.042
18858,0.077242,1.0372
18882,0.077341,1.0457
18906,0.077439,1.042
18929,0.077533,1.0311
18952,0.077627,1.0355
18976,0.077726,1.0305
19000,0.077824,1.0358
19023,0.077918,1.0425
19047,0.078017,1.0382
19071,0.078115,1.0395
19094,0.078209,1.0439
19117,0.078303,1.0467
19141,0.078402,1.0468
19164,0.078496,1.0365
19188,0.078594,1.0628
19212,0.078692,1.0314
19235,0.078787,1.0378
19258,0.078881,1.036
19281,0.078975,1.0293
19306,0.079077,1.0469
19329,0.079172,1.0357
19353,0.07927,1.0398
19377,0.079368,1.0502
19401,0.079466,1.0319
19424,0.079561,1.0425
19448,0.079659,1.0361
19471,0.079753,1.0369
19494,0.079847,1.0331
19517,0.079942,1.0502
19541,0.08004,1.0459
19565,0.080138,1.0353
19589,0.080237,1.0412
19613,0.080335,1.0323
19637,0.080433,1.0362
19661,0.080531,1.0364
19684,0.080626,1.0471
19708,0.080724,1.0384
19732,0.080822,1.0355
19756,0.080921,1.0305
19780,0.081019,1.0488
19804,0.081117,1.0388
19828,0.081215,1.0385
19851,0.08131,1.042
19874,0.081404,1.0434
19898,0.081502,1.038
19922,0.081601,1.0371
19946,0.081699,1.0388
19969,0.081793,1.0482
19993,0.081891,1.0325
20017,0.08199,1.0406
20041,0.082088,1.0412
20064,0.082182,1.0349
20087,0.082276,1.0365
20111,0.082375,1.0366
20135,0.082473,1.0388
20159,0.082571,1.0272
20181,0.082661,1.0325
20206,0.082764,1.0335
20229,0.082858,1.0316
20253,0.082956,1.0397
20277,0.083055,1.0346
20301,0.083153,1.029
20325,0.083251,1.0289
20349,0.08335,1.0415
20372,0.083444,1.0341
20397,0.083546,1.0324
20421,0.083644,1.0368
20445,0.083743,1.0365
20468,0.083837,1.0302
20491,0.083931,1.0288
20514,0.084025,1.0348
20537,0.08412,1.0277
20561,0.084218,1.0324
20585,0.084316,1.0331
20609,0.084414,1.0275
20632,0.084509,1.0236
20656,0.084607,1.036
20680,0.084705,1.0318
20704,0.084804,1.0318
20727,0.084898,1.0306
20750,0.084992,1.0325
20774,0.08509,1.0261
20798,0.085189,1.0385
20822,0.085287,1.0242
20846,0.085385,1.0343
20869,0.085479,1.0394
20893,0.085578,1.0298
20916,0.085672,1.0332
20940,0.08577,1.0332
20964,0.085869,1.0339
20988,0.085967,1.0306
21011,0.086061,1.0448
21035,0.086159,1.0322
21059,0.086258,1.0422
21083,0.086356,1.0365
21106,0.08645,1.0379
21130,0.086548,1.0283
21153,0.086643,1.0336
21177,0.086741,1.0255
21201,0.086839,1.0258
21225,0.086938,1.0323
21248,0.087032,1.0334
21272,0.08713,1.0329
21295,0.087224,1.0329
21319,0.087323,1.036
21344,0.087425,1.0366
21368,0.087523,1.0329
21391,0.087618,1.032
21415,0.087716,1.0382
21439,0.087814,1.0449
21463,0.087912,1.03
21487,0.088011,1.0356
21510,0.088105,1.0247
21533,0.088199,1.0302
21557,0.088297,1.0232
21579,0.088388,1.0266
21603,0.088486,1.0417
21626,0.08858,1.0314
21649,0.088674,1.0329
21673,0.088773,1.0316
21697,0.088871,1.0387
21721,0.088969,1.034
21744,0.089063,1.0429
21767,0.089158,1.0372
21791,0.089256,1.0322
21815,0.089354,1.0344
21839,0.089453,1.0274
21863,0.089551,1.0287
21885,0.089641,1.0324
21908,0.089735,1.0586
21931,0.089829,1.0304
21955,0.089928,1.03
21979,0.090026,1.0383
22003,0.090124,1.044
22026,0.090218,1.0213
22050,0.090317,1.0274
22073,0.090411,1.0265
22096,0.090505,1.0451
22120,0.090604,1.043
22143,0.090698,1.0363
22167,0.090796,1.0316
22190,0.09089,1.0233
22214,0.090989,1.0293
22237,0.091083,1.032
22261,0.091181,1.0392
22285,0.091279,1.0277
22309,0.091378,1.0366
22333,0.091476,1.0297
22356,0.09157,1.0329
22380,0.091668,1.0234
22403,0.091763,1.028
22427,0.091861,1.0275
22451,0.091959,1.019
22475,0.092058,1.0321
22499,0.092156,1.0287
22523,0.092254,1.034
22546,0.092348,1.0234
22570,0.092447,1.0217
22594,0.092545,1.0364
22618,0.092643,1.0405
22642,0.092742,1.0244
22665,0.092836,1.0236
22689,0.092934,1.0302
22713,0.093032,1.0136
22736,0.093127,1.0317
22760,0.093225,1.0263
22783,0.093319,1.0288
22807,0.093417,1.0272
22831,0.093516,1.0323
22855,0.093614,1.0249
22879,0.093712,1.0377
22903,0.093811,1.0246
22927,0.093909,1.0277
22950,0.094003,1.0162
22974,0.094102,1.0273
22997,0.094196,1.029
23020,0.09429,1.0295
23043,0.094384,1.0295
23066,0.094478,1.0398
23089,0.094573,1.026
23113,0.094671,1.0213
23138,0.094773,1.0362
23162,0.094872,1.0178
23186,0.09497,1.0158
23209,0.095064,1.0304
23232,0.095158,1.0327
23255,0.095252,1.0306
23279,0.095351,1.0269
23302,0.095445,1.0288
23326,0.095543,1.0148
23349,0.095638,1.0264
23372,0.095732,1.0307
23396,0.09583,1.0305
23420,0.095928,1.0281
23436,0.095994,1.0336
23444,0.096027,1.0252
23468,0.096125,1.0333
23492,0.096223,1.0254
23517,0.096326,1.0286
23540,0.09642,1.0306
23564,0.096518,1.0277
23588,0.096616,1.0358
23612,0.096715,1.0201
23634,0.096805,1.0298
23658,0.096903,1.0236
23683,0.097006,1.0234
23706,0.0971,1.0269
23730,0.097198,1.0211
23754,0.097296,1.0188
23777,0.097391,1.0217
23801,0.097489,1.0266
23824,0.097583,1.0193
23848,0.097681,1.0383
23873,0.097784,1.0246
23896,0.097878,1.0269
23920,0.097976,1.0284
23944,0.098075,1.0382
23967,0.098169,1.022
23991,0.098267,1.0085
24014,0.098361,1.0182
24038,0.09846,1.0284
24062,0.098558,1.024
24086,0.098656,1.0242
24109,0.09875,1.0197
24131,0.098841,1.0308
24155,0.098939,1.0251
24179,0.099037,1.0329
24203,0.099135,1.0203
24227,0.099234,1.0227
24251,0.099332,1.022
24274,0.099426,1.0182
24297,0.099521,1.0214
24321,0.099619,1.0489
24344,0.099713,1.0212
24369,0.099815,1.0128
24393,0.099914,1.0256
24417,0.100012,1.0158
24440,0.100106,1.0307
24464,0.100205,1.0153
24487,0.100299,1.0296
24511,0.100397,1.0166
24535,0.100495,1.026
24559,0.100594,1.0264
24582,0.100688,1.0245
24606,0.100786,1.0228
24630,0.100884,1.0257
24654,0.100983,1.0212
24677,0.101077,1.0204
24701,0.101175,1.0219
24725,0.101274,1.0261
24748,0.101368,1.0147
24772,0.101466,1.0154
24796,0.101564,1.036
24820,0.101663,1.0278
24844,0.101761,1.0268
24868,0.101859,1.0163
24892,0.101958,1.0225
24916,0.102056,1.0214
24940,0.102154,1.0246
24964,0.102253,1.0345
24988,0.102351,1.029
25011,0.102445,1.0285
25036,0.102547,1.0186
25059,0.102642,1.0277
25083,0.10274,1.0233
25107,0.102838,1.023
25131,0.102937,1.0352
25155,0.103035,1.0221
25179,0.103133,1.0256
25202,0.103227,1.0232
25225,0.103322,1.0221
25249,0.10342,1.0259
25272,0.103514,1.0268
25296,0.103612,1.0298
25320,0.103711,1.0309
25344,0.103809,1.0188
25368,0.103907,1.0251
25391,0.104002,1.0268
25415,0.1041,1.0221
25438,0.104194,1.0223
25462,0.104292,1.015
25487,0.104395,1.0219
25510,0.104489,1.0216
25534,0.104587,1.0141
25558,0.104686,1.0196
25582,0.104784,1.0322
25607,0.104886,1.0256
25631,0.104985,1.0235
25654,0.105079,1.031
25677,0.105173,1.0245
25702,0.105275,1.0158
25726,0.105374,1.0251
25750,0.105472,1.0268
25774,0.10557,1.0328
25798,0.105669,1.0186
25822,0.105767,1.0222
25846,0.105865,1.0175
25869,0.105959,1.0225
25893,0.106058,1.0223
25917,0.106156,1.0337
25941,0.106254,1.0188
25964,0.106349,1.0431
25988,0.106447,1.0186
26012,0.106545,1.0252
26036,0.106643,1.0159
26059,0.106738,1.0197
26083,0.106836,1.0187
26106,0.10693,1.0182
26130,0.107028,1.0278
26154,0.107127,1.0276
26178,0.107225,1.0265
26201,0.107319,1.0221
26225,0.107418,1.0053
26249,0.107516,1.0142
26273,0.107614,1.0164
26297,0.107713,1.014
26321,0.107811,1.0143
26345,0.107909,1.0175
26369,0.108007,1.0135
26393,0.108106,1.0214
26417,0.108204,1.0142
26440,0.108298,1.02
26463,0.108392,1.0204
26486,0.108487,1.0068
26510,0.108585,1.0147
26534,0.108683,1.0201
26558,0.108782,1.0245
26582,0.10888,1.0156
26605,0.108974,1.0221
26629,0.109072,1.0101
26653,0.109171,1.0219
26677,0.109269,1.0171
26701,0.109367,1.0292
26724,0.109462,1.0165
26748,0.10956,1.0147
26771,0.109654,1.0169
26795,0.109752,1.0246
26819,0.109851,1.0203
26842,0.109945,1.0283
26866,0.110043,1.0189
26889,0.110137,1.0225
26913,0.110236,1.0215
26937,0.110334,1.0188
26961,0.110432,1.0143
26985,0.110531,1.0124
27009,0.110629,1.0166
27032,0.110723,1.0237
27056,0.110821,1.0264
27080,0.11092,1.012
27104,0.111018,1.0184
27128,0.111116,1.0209
27151,0.11121,1.0215
27175,0.111309,1.0145
27199,0.111407,1.0132
27223,0.111505,1.0215
27247,0.111604,1.0088
27271,0.111702,1.0164
27295,0.1118,1.0181
27319,0.111899,1.0203
27343,0.111997,1.011
27368,0.112099,1.0243
27391,0.112194,1.0295
27414,0.112288,1.0223
27438,0.112386,1.0278
27461,0.11248,1.0234
27485,0.112579,1.0122
27509,0.112677,1.0138
27533,0.112775,1.007
27557,0.112873,1.0138
27580,0.112968,1.0255
27604,0.113066,1.0257
27628,0.113164,1.0315
27652,0.113263,1.0301
27677,0.113365,1.0182
27701,0.113463,1.0201
27725,0.113562,1.0196
27749,0.11366,1.025
27773,0.113758,1.0104
27796,0.113852,1.022
27820,0.113951,1.0116
27844,0.114049,1.015
27867,0.114143,1.0171
27891,0.114242,1.0185
27915,0.11434,1.0153
27939,0.114438,1.0154
27962,0.114532,1.016
27986,0.114631,1.0169
28009,0.114725,1.0124
28032,0.114819,1.0173
28056,0.114917,1.0306
28079,0.115012,1.0341
28103,0.11511,1.007
28126,0.115204,1.0048
28149,0.115298,1.0286
28173,0.115397,1.0287
28197,0.115495,1.0171
28221,0.115593,1.016
28244,0.115687,1.0289
28269,0.11579,1.0282
28292,0.115884,1.0138
28316,0.115982,1.0127
28340,0.116081,1.0167
28364,0.116179,1.0193
28387,0.116273,1.0099
28411,0.116371,1.0135
28434,0.116466,1.0156
28458,0.116564,1.0104
28481,0.116658,1.0135
28505,0.116756,1.0172
28528,0.116851,1.0147
28552,0.116949,1.0199
28576,0.117047,1.0166
28600,0.117146,1.0133
28624,0.117244,1.0066
28647,0.117338,1.0212
28671,0.117436,1.0204
28694,0.117531,1.0094
28717,0.117625,1.0069
28741,0.117723,1.0008
28765,0.117821,0.9985
28790,0.117924,1.0147
28813,0.118018,1.0254
28836,0.118112,1.0195
28860,0.118211,1.019
28884,0.118309,1.0141
28907,0.118403,1.0182
28931,0.118501,1.0173
28953,0.118591,1.0153
28977,0.11869,1.0143
29001,0.118788,1.0037
29024,0.118882,1.0192
29048,0.118981,1.0098
29072,0.119079,1.0165
29096,0.119177,1.0215
29120,0.119276,1.0123
29143,0.11937,0.9998
29168,0.119472,1.0109
29192,0.11957,1.0234
29215,0.119665,1.0114
29239,0.119763,1.0209
29262,0.119857,1.0176
29286,0.119955,1.0266
29310,0.120054,1.0024
29333,0.120148,1.0148
29356,0.120242,1.0131
29380,0.12034,1.0114
29403,0.120435,1.0069
29426,0.120529,1.0156
29449,0.120623,1.0083
29473,0.120721,1.0184
29496,0.120816,1.0144
29521,0.120918,1.0258
29544,0.121012,1.0094
29567,0.121106,1.012
29591,0.121205,1.0174
29615,0.121303,1.0186
29639,0.121401,1.0128
29662,0.121496,1.0151
29687,0.121598,1.0119
29711,0.121696,0.9929
29735,0.121795,1.0238
29759,0.121893,1.012
29782,0.121987,1.0116
29807,0.122089,1.0199
29831,0.122188,1.0103
29854,0.122282,1.02
29878,0.12238,1.0098
29901,0.122474,1.0125
29925,0.122573,1.0042
29948,0.122667,1.0143
29971,0.122761,1.0033
29995,0.12286,1.0168
30019,0.122958,1.0155
30043,0.123056,1.0128
30067,0.123154,1.0157
30091,0.123253,1.0139
30115,0.123351,1.0113
30138,0.123445,1.0062
30162,0.123544,1.0148
30187,0.123646,1.02
30209,0.123736,1.0175
30233,0.123834,1.0153
30257,0.123933,1.0126
30281,0.124031,1.0122
30305,0.124129,1.0136
30328,0.124223,0.9979
30352,0.124322,1.0092
30377,0.124424,1.0171
30400,0.124518,1.0107
30423,0.124613,1.0164
30448,0.124715,1.0078
30472,0.124813,1.0173
30495,0.124908,1.0151
30518,0.125002,1.0123
30541,0.125096,1.0078
30565,0.125194,1.0017
30589,0.125293,1.0156
30613,0.125391,1.0172
30636,0.125485,1.0057
30660,0.125583,0.9988
30683,0.125678,1.0258
30706,0.125772,1.0137
30730,0.12587,1.0091
30753,0.125964,1.0145
30777,0.126063,1.0181
30800,0.126157,1.0063
30824,0.126255,1.0093
30848,0.126353,1.0103
30872,0.126452,1.0032
30896,0.12655,1.0086
30920,0.126648,1.0068
30944,0.126747,1.0184
30968,0.126845,1.016
30991,0.126939,1.0185
31015,0.127037,1.0022
31039,0.127136,1.0176
31062,0.12723,1.0099
31085,0.127324,0.9994
31110,0.127427,1.0161
31133,0.127521,1.0038
31156,0.127615,1.0152
31180,0.127713,1.0189
31203,0.127807,1.004
31227,0.127906,1.0085
31248,0.127992,1.0053
31251,0.128004,1.0118
31275,0.128102,1.0153
31299,0.128201,1.0104
31323,0.128299,1.0038
31347,0.128397,1.0115
31371,0.128496,1.0087
31395,0.128594,1.0047
31419,0.128692,1.0159
31442,0.128786,1.0166
31467,0.128889,1.0088
31491,0.128987,1.0141
31515,0.129085,1.0183
31538,0.12918,1.0137
31563,0.129282,1.0199
31586,0.129376,1.0042
31609,0.12947,1.0218
31633,0.129569,1.0108
31657,0.129667,1.0121
31680,0.129761,1.0015
31704,0.12986,1.0138
31729,0.129962,1.0026
31752,0.130056,1.0084
31776,0.130154,1.0147
31799,0.130249,1.0119
31823,0.130347,1.0088
31846,0.130441,1.0085
31870,0.13054,1.005
31892,0.13063,1.016
31916,0.130728,1.0121
31939,0.130822,1.0045
31962,0.130916,1.0154
31986,0.131015,1.0007
32010,0.131113,1.003
32034,0.131211,1.0064
32059,0.131314,1.0079
32082,0.131408,1.0199
32106,0.131506,1.0134
32129,0.1316,1.009
32153,0.131699,1.0124
32177,0.131797,1.0133
32201,0.131895,1.007
32224,0.13199,1.0216
32247,0.132084,1.016
32271,0.132182,1.0101
32295,0.13228,1.0021
32319,0.132379,1.0181
32343,0.132477,0.9985
32367,0.132575,0.9946
32389,0.132665,1.0048
32413,0.132764,1.0076
32436,0.132858,1.0076
32459,0.132952,1.0101
32482,0.133046,1.0104
32506,0.133145,1.0056
32531,0.133247,1.0201
32555,0.133345,1.0072
32579,0.133444,1.0128
32603,0.133542,1.0122
32626,0.133636,1.0109
32649,0.13373,1.0111
32673,0.133829,1.0116
32696,0.133923,1.0184
32719,0.134017,1.0108
32742,0.134111,1.0039
32765,0.134205,1.0029
32789,0.134304,1.0144
32812,0.134398,1.0035
32835,0.134492,1.0176
32858,0.134586,1.0071
32881,0.134681,1.0104
32904,0.134775,1.0143
32928,0.134873,1.0217
32951,0.134967,1.0156
32975,0.135066,1.0176
32998,0.13516,1.0063
33023,0.135262,1.0181
33046,0.135356,1.0068
33070,0.135455,1.0085
33093,0.135549,1.0041
33116,0.135643,1.0036
33140,0.135741,1.0136
33163,0.135836,1.0131
33186,0.13593,1.0072
33211,0.136032,1.0142
33234,0.136126,1.0067
33257,0.136221,1.0165
33280,0.136315,0.9992
33304,0.136413,1.0001
33328,0.136511,1.0041
33352,0.13661,1.0053
33376,0.136708,1.004
33399,0.136802,0.9983
33423,0.136901,1.0048
33446,0.136995,1.0104
33470,0.137093,1.004
33494,0.137191,0.999
33518,0.13729,1.0124
33542,0.137388,0.9974
33566,0.137486,1.0015
33590,0.137585,1.005
33614,0.137683,1.011
33638,0.137781,1.0063
33661,0.137875,1.0046
33686,0.137978,1.0057
33709,0.138072,1.0104
33733,0.13817,0.9978
33757,0.138269,1.0053
33781,0.138367,1.0122
33804,0.138461,1.004
33828,0.138559,1.01
33852,0.138658,1.0088
33876,0.138756,1.0056
33899,0.13885,1.0221
33923,0.138949,1.0089
33947,0.139047,1.0107
33971,0.139145,1.0052
33995,0.139244,1.0087
34020,0.139346,1.0042
34043,0.13944,1.0045
34068,0.139543,1.0152
34090,0.139633,1.0049
34114,0.139731,1.0035
34139,0.139833,1.0061
34162,0.139928,1.0189
34186,0.140026,1.0095
34210,0.140124,1.0082
34233,0.140218,1.0155
34256,0.140313,1.0052
34280,0.140411,1.0145
34303,0.140505,1.013
34326,0.140599,0.9951
34349,0.140694,1.0051
34372,0.140788,1.022
34396,0.140886,1.0088
34419,0.14098,1.0062
34444,0.141083,1.0029
34467,0.141177,1.0176
34491,0.141275,1.0102
34515,0.141373,1.0095
34538,0.141468,0.9951
34562,0.141566,0.994
34585,0.14166,1.0162
34608,0.141754,1.006
34631,0.141849,1.008
34655,0.141947,1.0068
34679,0.142045,0.9991
34703,0.142143,1.0075
34726,0.142238,1.0049
34749,0.142332,1.0118
34773,0.14243,1.0057
34798,0.142533,1.0109
34821,0.142627,0.9951
34845,0.142725,1.001
34869,0.142823,1.0125
34893,0.142922,1.0062
34917,0.14302,1.0024
34942,0.143122,1.0018
34966,0.143221,1.0087
34989,0.143315,1.0126
35013,0.143413,1.0017
35037,0.143512,1.0243
35061,0.14361,1.0119
35084,0.143704,1.0054
35108,0.143802,1.0108
35133,0.143905,1.0049
35156,0.143999,1.0084
35181,0.144101,1.0067
35204,0.144196,1.0112
35228,0.144294,1.0001
35251,0.144388,1.0105
35276,0.14449,1.0022
35299,0.144585,1.0102
35324,0.144687,1.006
35346,0.144777,1.006
35370,0.144876,0.9998
35394,0.144974,1.003
35419,0.145076,1.0033
35443,0.145175,0.9958
35467,0.145273,1.0048
35491,0.145371,1.0119
35515,0.145469,1.0066
35539,0.145568,1.0007
35563,0.145666,1.0045
35587,0.145764,1.002
35611,0.145863,1.0039
35635,0.145961,1.0011
35659,0.146059,1.006
35682,0.146153,1.0019
35706,0.146252,1.0142
35729,0.146346,1.0087
35752,0.14644,1.0043
35775,0.146534,1.0112
35799,0.146633,0.9986
35822,0.146727,0.995
35847,0.146829,1.0016
35871,0.146928,1.017
35895,0.147026,1.0133
35919,0.147124,1.0033
35943,0.147223,0.996
35967,0.147321,1.0117
35991,0.147419,1.001
36014,0.147513,1.0026
36038,0.147612,1.0086
36061,0.147706,1.0037
36085,0.147804,1.0004
36109,0.147902,0.9934
36132,0.147997,1.0124
36157,0.148099,0.9958
36181,0.148197,1.0056
36204,0.148292,1.0081
36228,0.14839,1.0077
36252,0.148488,0.9943
36276,0.148586,1.008
36300,0.148685,0.9998
36324,0.148783,1.002
36348,0.148881,1.0073
36371,0.148976,1.0155
36395,0.149074,1.0057
36418,0.149168,1.0062
36442,0.149266,1.0019
36466,0.149365,1.0054
36490,0.149463,1.0108
36513,0.149557,1.0034
36536,0.149651,0.999
36560,0.14975,1.0089
36584,0.149848,1.0048
36608,0.149946,1.0084
36631,0.150041,0.9944
36655,0.150139,1.0001
36678,0.150233,0.996
36702,0.150331,1.0002
36725,0.150426,1.0043
36749,0.150524,0.9879
36773,0.150622,1.0068
36797,0.150721,1.0015
36821,0.150819,1.0053
36845,0.150917,0.9967
36868,0.151011,1.007
36892,0.15111,0.9972
36916,0.151208,0.9988
36940,0.151306,1.0195
36963,0.1514,1.0093
36988,0.151503,1.0099
37011,0.151597,0.9974
37034,0.151691,0.9981
37058,0.15179,0.9963
37081,0.151884,0.9943
37106,0.151986,1.0055
37129,0.15208,1.0027
37154,0.152183,1.0041
37178,0.152281,0.9974
37201,0.152375,1.0133
37225,0.152474,1.0131
37249,0.152572,0.9935
37273,0.15267,1.0068
37297,0.152769,0.9953
37321,0.152867,0.999
37344,0.152961,1.0065
37367,0.153055,1.0031
37391,0.153154,0.9998
37416,0.153256,1.0065
37440,0.153354,0.9944
37463,0.153448,1.0033
37487,0.153547,1.0003
37511,0.153645,0.998
37534,0.153739,1.0045
37558,0.153838,0.9972
37582,0.153936,0.9982
37605,0.15403,1.0051
37629,0.154128,1.0037
37653,0.154227,1.0099
37677,0.154325,0.9964
37701,0.154423,1.0041
37724,0.154518,0.9865
37747,0.154612,1.0058
37771,0.15471,1.0049
37795,0.154808,0.9977
37819,0.154907,1.0063
37843,0.155005,1.0054
37866,0.155099,0.9904
37889,0.155193,0.995
37913,0.155292,1.0018
37937,0.15539,1.0061
37960,0.155484,1.0062
37984,0.155582,1.0192
38007,0.155677,0.9977
38031,0.155775,0.999
38054,0.155869,0.9905
38078,0.155967,1.0084
38102,0.156066,0.9968
38125,0.15616,1.0045
38149,0.156258,1.0108
38173,0.156357,1.0015
38197,0.156455,0.9947
38221,0.156553,0.9941
38245,0.156652,1.0046
38269,0.15675,1.0027
38292,0.156844,1.0006
38316,0.156942,0.997
38340,0.157041,1.0137
38365,0.157143,0.9951
38389,0.157241,1.0183
38411,0.157331,1.0035
38435,0.15743,1.0177
38458,0.157524,1.0045
38481,0.157618,1.0101
38505,0.157716,1.0046
38529,0.157815,1.0113
38552,0.157909,1.0197
38576,0.158007,0.9986
38600,0.158106,0.999
38624,0.158204,1.0051
38646,0.158294,1.0125
38671,0.158396,0.9989
38694,0.158491,1.0048
38718,0.158589,1.0063
38742,0.158687,0.9943
38765,0.158781,1.007
38788,0.158876,1.0113
38811,0.15897,1.0036
38835,0.159068,0.9993
38858,0.159162,0.9987
38882,0.159261,0.9951
38906,0.159359,0.9944
38931,0.159461,0.9889
38953,0.159551,1.0006
38977,0.15965,1.0215
39001,0.159748,0.9992
39024,0.159842,1.0151
39048,0.159941,0.9975
39060,0.15999,1.0016
39071,0.160035,0.9898
39095,0.160133,1.0052
39119,0.160231,1.0039
39143,0.16033,0.9953
39167,0.160428,1.0026
39190,0.160522,0.9927
39215,0.160625,0.9933
39238,0.160719,0.9996
39261,0.160813,0.9971
39286,0.160915,1.0044
39310,0.161014,1.0052
39333,0.161108,0.9986
39356,0.161202,1.0046
39379,0.161296,0.9983
39403,0.161395,1.0035
39427,0.161493,1.0074
39451,0.161591,1.0009
39475,0.16169,0.9977
39498,0.161784,1.0133
39522,0.161882,0.9977
39546,0.16198,0.999
39569,0.162075,0.9888
39593,0.162173,1.0014
39616,0.162267,0.9988
39639,0.162361,1.0035
39662,0.162456,1.0013
39686,0.162554,0.9932
39710,0.162652,0.9967
39734,0.16275,1.0072
39758,0.162849,0.9957
39781,0.162943,0.9912
39805,0.163041,1.0087
39829,0.16314,0.9955
39853,0.163238,1.0042
39876,0.163332,0.9928
39899,0.163426,0.9994
39923,0.163525,1.0023
39946,0.163619,0.9893
39970,0.163717,1.0056
39995,0.16382,0.9934
40019,0.163918,0.9943
40043,0.164016,0.9967
40067,0.164114,1.0012
40090,0.164209,0.985
40115,0.164311,1.0057
40138,0.164405,1.0144
40162,0.164504,0.9941
40185,0.164598,0.9947
40209,0.164696,0.9971
40232,0.16479,1.0034
40255,0.164884,1.0016
40279,0.164983,0.996
40303,0.165081,0.9916
40326,0.165175,0.9946
40349,0.16527,1.0059
40373,0.165368,1.0015
40396,0.165462,0.9897
40420,0.16556,0.9996
40444,0.165659,0.9998
40468,0.165757,0.9969
40491,0.165851,0.9997
40514,0.165945,0.9927
40539,0.166048,1.0072
40563,0.166146,1.0014
40587,0.166244,0.9917
40610,0.166339,1.0051
40633,0.166433,0.997
40657,0.166531,1.0072
40681,0.166629,0.9985
40705,0.166728,1.0042
40728,0.166822,1.0056
40752,0.16692,1.005
40776,0.167018,0.9956
40800,0.167117,0.996
40823,0.167211,0.9993
40846,0.167305,0.9964
40869,0.167399,0.9996
40893,0.167498,0.9991
40917,0.167596,0.9944
40941,0.167694,1.0022
40964,0.167789,0.9922
40988,0.167887,1.0078
41012,0.167985,0.9957
41036,0.168083,0.9921
41061,0.168186,1.005
41084,0.16828,1.0041
41108,0.168378,0.9926
41132,0.168477,0.9953
41155,0.168571,1.0031
41179,0.168669,0.9918
41202,0.168763,1.001
41226,0.168862,0.9995
41251,0.168964,0.9997
41275,0.169062,0.9935
41299,0.169161,1.0053
41322,0.169255,0.9826
41345,0.169349,0.9893
41369,0.169447,1.007
41393,0.169546,0.9927
41416,0.16964,1.0096
41440,0.169738,0.9932
41464,0.169837,0.9975
41488,0.169935,0.9956
41511,0.170029,0.9846
41535,0.170127,0.992
41559,0.170226,0.9942
41583,0.170324,1.0018
41606,0.170418,0.9991
41630,0.170516,1.0029
41653,0.170611,1.0037
41678,0.170713,1.0016
41702,0.170811,1.0037
41725,0.170906,0.9952
41749,0.171004,0.9838
41773,0.171102,1.0041
41796,0.171196,1.0037
41819,0.171291,0.9906
41843,0.171389,0.9955
41866,0.171483,0.9951
41889,0.171577,0.9927
41913,0.171676,0.9976
41937,0.171774,0.9942
41961,0.171872,0.9941
41985,0.171971,0.9943
42009,0.172069,1.0042
42032,0.172163,0.9969
42056,0.172261,0.9889
42079,0.172356,0.9966
42103,0.172454,0.996
42127,0.172552,0.9926
42151,0.17265,0.9983
42174,0.172745,1.0067
42197,0.172839,1.0037
42221,0.172937,1.006
42244,0.173031,1.0123
42268,0.17313,0.9913
42292,0.173228,0.9952
42316,0.173326,0.9945
42340,0.173425,0.9993
42362,0.173515,1.0029
42386,0.173613,0.9987
42411,0.173715,0.9943
42435,0.173814,0.9983
42458,0.173908,1.0036
42481,0.174002,1.0007
42505,0.1741,0.9978
42529,0.174199,1.0015
42553,0.174297,0.9896
42577,0.174395,0.9992
42601,0.174494,0.9933
42624,0.174588,1.0006
42648,0.174686,1.0039
42672,0.174785,0.9967
42696,0.174883,0.9835
42721,0.174985,0.9931
42744,0.175079,0.9997
42767,0.175174,0.9927
42790,0.175268,0.9928
42814,0.175366,0.9993
42838,0.175464,0.9907
42862,0.175563,0.9915
42886,0.175661,0.9884
42910,0.175759,0.9957
42934,0.175858,0.9948
42957,0.175952,0.9905
42981,0.17605,0.9975
43004,0.176144,0.998
43026,0.176234,1.0023
43050,0.176333,0.9914
43073,0.176427,0.9828
43097,0.176525,1.0035
43120,0.17662,1.0049
43144,0.176718,0.9969
43169,0.17682,0.9982
43193,0.176919,1.0088
43217,0.177017,0.9971
43240,0.177111,0.9844
43264,0.177209,1.0006
43287,0.177304,1.007
43310,0.177398,0.9895
43334,0.177496,1.0005
43357,0.17759,0.9893
43381,0.177689,1.0006
43403,0.177779,0.9886
43427,0.177877,0.9873
43452,0.177979,0.9922
43476,0.178078,1.003
43500,0.178176,1.0064
43523,0.17827,0.9927
43547,0.178369,0.9873
43570,0.178463,0.9907
43594,0.178561,0.9948
43618,0.178659,0.996
43641,0.178754,0.9941
43665,0.178852,0.9951
43689,0.17895,0.9989
43714,0.179053,1.0041
43738,0.179151,0.9948
43761,0.179245,0.9859
43785,0.179343,0.9987
43809,0.179442,0.9998
43832,0.179536,0.9847
43855,0.17963,0.9981
43878,0.179724,0.9956
43902,0.179823,1.0016
43925,0.179917,0.9968
43950,0.180019,1.0004
43973,0.180113,0.9873
43997,0.180212,0.9965
44019,0.180302,0.9944
44043,0.1804,0.9874
44067,0.180498,0.9975
44091,0.180597,1.0048
44115,0.180695,0.9907
44138,0.180789,0.9827
44162,0.180888,0.9935
44186,0.180986,0.9954
44210,0.181084,0.9952
44234,0.181182,0.9936
44258,0.181281,1.0031
44281,0.181375,0.9945
44306,0.181477,1.0
44329,0.181572,0.997
44353,0.18167,0.9888
44377,0.181768,0.9928
44401,0.181866,0.9951
44425,0.181965,1.0064
44449,0.182063,1.003
44472,0.182157,0.9937
44496,0.182256,0.9899
44520,0.182354,0.9935
44544,0.182452,0.9973
44566,0.182542,1.0004
44590,0.182641,0.9936
44613,0.182735,0.999
44638,0.182837,0.9922
44661,0.182931,1.003
44685,0.18303,0.9873
44709,0.183128,1.0033
44732,0.183222,0.9882
44755,0.183316,0.9991
44779,0.183415,0.9933
44801,0.183505,0.9987
44825,0.183603,0.9969
44849,0.183702,1.0007
44872,0.183796,0.9992
44895,0.18389,1.0059
44919,0.183988,0.9991
44943,0.184087,0.9983
44967,0.184185,0.9941
44991,0.184283,0.9936
45015,0.184381,0.9889
45039,0.18448,0.9982
45063,0.184578,0.9913
45087,0.184676,1.0
45110,0.184771,0.9882
45134,0.184869,0.9971
45158,0.184967,0.9955
45182,0.185065,1.0052
45206,0.185164,0.996
45230,0.185262,0.9882
45254,0.18536,0.9912
45278,0.185459,0.9904
45301,0.185553,0.9932
45324,0.185647,0.9828
45348,0.185745,1.0016
45371,0.18584,0.9923
45396,0.185942,0.9838
45420,0.18604,0.9975
45443,0.186135,1.0018
45468,0.186237,0.9885
45491,0.186331,0.9967
45515,0.186429,0.9958
45539,0.186528,0.9962
45562,0.186622,0.9948
45586,0.18672,0.996
45609,0.186814,0.9867
45632,0.186909,0.9916
45655,0.187003,0.9995
45679,0.187101,0.9952
45702,0.187195,0.9878
45725,0.18729,0.9927
45749,0.187388,0.9958
45773,0.187486,1.006
45797,0.187585,0.9956
45821,0.187683,1.0014
45845,0.187781,0.9998
45867,0.187871,0.9972
45891,0.18797,1.0038
45915,0.188068,0.9933
45938,0.188162,0.9951
45962,0.18826,1.0025
45985,0.188355,0.9978
46010,0.188457,1.0056
46033,0.188551,0.9968
46058,0.188654,0.9852
46082,0.188752,0.9861
46106,0.18885,1.0152
46130,0.188948,0.9937
46153,0.189043,0.9998
46178,0.189145,0.9955
46202,0.189243,0.9921
46226,0.189342,0.9946
46250,0.18944,0.997
46274,0.189538,0.994
46298,0.189637,0.9979
46321,0.189731,0.9885
46345,0.189829,0.9908
46369,0.189927,0.9984
46393,0.190026,0.9918
46417,0.190124,0.9932
46440,0.190218,0.9761
46464,0.190317,1.0056
46487,0.190411,0.9915
46510,0.190505,0.9959
46534,0.190603,0.9999
46558,0.190702,0.9987
46582,0.1908,1.0006
46606,0.190898,0.9907
46629,0.190992,0.9964
46653,0.191091,0.9829
46676,0.191185,1.0045
46700,0.191283,0.987
46723,0.191377,0.995
46746,0.191472,1.0004
46769,0.191566,0.9911
46793,0.191664,0.9912
46817,0.191762,0.9971
46840,0.191857,1.0094
46864,0.191955,0.9986
46872,0.191988,1.0086
46887,0.192049,1.0015
46912,0.192152,0.9898
46935,0.192246,0.9998
46959,0.192344,0.9909
46983,0.192442,0.9843
47007,0.192541,0.9932
47030,0.192635,0.994
47054,0.192733,0.9943
47078,0.192831,1.0073
47103,0.192934,0.9927
47126,0.193028,1.0014
47150,0.193126,0.9923
47172,0.193217,0.988
47196,0.193315,0.9887
47220,0.193413,0.9908
47244,0.193511,1.014
47268,0.19361,0.998
47291,0.193704,0.9896
47314,0.193798,0.998
47339,0.193901,1.0005
47363,0.193999,0.992
47386,0.194093,1.0021
47410,0.194191,1.0052
47434,0.19429,0.9876
47457,0.194384,0.9884
47481,0.194482,0.9936
47504,0.194576,0.9981
47528,0.194675,0.9894
47552,0.194773,0.9877
47576,0.194871,0.9969
47599,0.194966,0.986
47622,0.19506,0.9931
47645,0.195154,0.9933
47669,0.195252,1.0002
47692,0.195346,0.9894
47715,0.195441,0.9978
47740,0.195543,1.0004
47763,0.195637,0.9915
47787,0.195736,0.9971
47811,0.195834,0.9893
47834,0.195928,0.9845
47857,0.196022,0.9917
47880,0.196116,0.9902
47905,0.196219,0.9839
47928,0.196313,0.9953
47952,0.196411,0.9955
47976,0.19651,1.0056
48000,0.196608,0.9903
48023,0.196702,0.9835
48047,0.196801,0.9945
48070,0.196895,1.0089
48093,0.196989,0.9979
48117,0.197087,0.9907
48141,0.197186,0.9976
48166,0.197288,0.9866
48189,0.197382,0.9886
48213,0.19748,0.9947
48236,0.197575,0.987
48260,0.197673,0.9967
48284,0.197771,1.0013
48307,0.197865,1.0013
48331,0.197964,0.9846
48355,0.198062,0.9862
48379,0.19816,0.9834
48403,0.198259,0.9886
48426,0.198353,0.9921
48450,0.198451,0.9884
48474,0.19855,0.9928
48498,0.198648,0.9973
48521,0.198742,0.9932
48545,0.19884,0.9906
48569,0.198939,1.0029
48593,0.199037,0.9857
48616,0.199131,1.0066
48640,0.199229,0.9924
48663,0.199324,0.9888
48687,0.199422,0.9832
48711,0.19952,0.9868
48734,0.199614,0.9849
48758,0.199713,0.9845
48782,0.199811,0.9923
48806,0.199909,0.9934
48830,0.200008,0.9853
48853,0.200102,0.9816
48877,0.2002,0.9914
48900,0.200294,0.9906
48924,0.200393,0.9884
48948,0.200491,0.9983
48972,0.200589,0.9875
48996,0.200688,0.9853
49020,0.200786,0.9998
49044,0.200884,0.9831
49068,0.200983,0.9911
49092,0.201081,0.9953
49115,0.201175,0.9868
49140,0.201277,0.9914
49163,0.201372,0.988
49188,0.201474,0.9867
49211,0.201568,0.9764
49234,0.201662,0.9819
49257,0.201757,0.9838
49281,0.201855,0.9851
49305,0.201953,1.0018
49328,0.202047,0.9934
49352,0.202146,1.0003
49376,0.202244,0.9795
49399,0.202338,1.0041
49422,0.202433,1.0028
49446,0.202531,0.9899
49468,0.202621,0.9944
49491,0.202715,0.9828
49515,0.202813,0.9837
49539,0.202912,0.9892
49562,0.203006,0.9856
49587,0.203108,0.9885
49610,0.203203,0.9895
49634,0.203301,0.9931
49658,0.203399,0.9942
49681,0.203493,0.9807
49705,0.203592,1.0008
49729,0.20369,0.9941
49753,0.203788,0.9882
49777,0.203887,1.0016
49800,0.203981,1.002
49824,0.204079,0.9981
49848,0.204177,0.997
49872,0.204276,1.0035
49897,0.204378,0.9848
49920,0.204472,0.9961
49945,0.204575,0.9928
49968,0.204669,0.995
49992,0.204767,0.9956
50017,0.20487,0.9943
50040,0.204964,0.9918
50064,0.205062,0.9904
50088,0.20516,0.9837
50112,0.205259,0.9852
50136,0.205357,0.9835
50159,0.205451,0.9934
50183,0.20555,0.9856
50207,0.205648,0.9858
50231,0.205746,0.9957
50255,0.205844,0.9865
50279,0.205943,0.9829
50302,0.206037,0.9933
50326,0.206135,1.0032
50350,0.206234,0.99
50374,0.206332,0.9852
50398,0.20643,0.9834
50421,0.206524,0.998
50443,0.206615,1.0056
50467,0.206713,0.9956
50491,0.206811,0.986
50515,0.206909,0.9948
50539,0.207008,0.9838
50562,0.207102,0.9943
50585,0.207196,0.9836
50608,0.20729,0.9961
50631,0.207385,0.9914
50654,0.207479,1.0016
50678,0.207577,0.9952
50702,0.207675,0.9804
50726,0.207774,0.9929
50749,0.207868,0.983
50773,0.207966,0.9885
50797,0.208065,0.9824
50821,0.208163,0.9848
50844,0.208257,0.9893
50868,0.208355,0.9904
50893,0.208458,0.9868
50916,0.208552,1.0003
50940,0.20865,0.9863
50963,0.208744,1.0093
50986,0.208839,0.9766
51009,0.208933,0.9844
51033,0.209031,0.9967
51057,0.209129,0.9871
51081,0.209228,0.9978
51104,0.209322,0.9852
51128,0.20942,0.9917
51152,0.209519,0.9802
51176,0.209617,0.9872
51198,0.209707,0.9839
51222,0.209805,0.9901
51246,0.209904,0.9965
51269,0.209998,0.9852
51293,0.210096,0.9951
51316,0.21019,0.9914
51340,0.210289,0.9834
51364,0.210387,0.9992
51388,0.210485,0.9822
51410,0.210575,0.9913
51434,0.210674,0.9886
51457,0.210768,0.9865
51481,0.210866,0.9959
51503,0.210956,0.9827
51528,0.211059,0.9957
51551,0.211153,0.9839
51575,0.211251,0.9931
51599,0.21135,0.9889
51623,0.211448,0.9868
51647,0.211546,0.9963
51671,0.211644,0.9904
51695,0.211743,0.9976
51719,0.211841,0.9949
51742,0.211935,0.9816
51765,0.212029,0.9905
51788,0.212124,0.9972
51811,0.212218,0.9921
51834,0.212312,0.9885
51857,0.212406,0.9911
51881,0.212505,0.9934
51905,0.212603,0.994
51929,0.212701,0.9901
51953,0.212799,0.9851
51977,0.212898,0.9859
52001,0.212996,0.9905
52024,0.21309,0.9844
52048,0.213189,0.994
52072,0.213287,0.9834
52095,0.213381,1.0029
52120,0.213484,0.9892
52143,0.213578,0.9786
52167,0.213676,0.9856
52191,0.213774,0.9788
52214,0.213869,0.9886
52238,0.213967,0.9953
52263,0.214069,0.9905
52287,0.214168,0.9972
52310,0.214262,0.9804
52333,0.214356,0.999
52357,0.214454,0.983
52381,0.214553,0.9967
52405,0.214651,0.9882
52429,0.214749,0.9906
52453,0.214847,0.9865
52477,0.214946,0.9836
52500,0.21504,0.9878
52524,0.215138,0.9949
52547,0.215233,0.9794
52570,0.215327,0.9871
52594,0.215425,0.995
52617,0.215519,0.9946
52641,0.215618,0.9929
52665,0.215716,0.9806
52689,0.215814,0.9869
52712,0.215908,0.9941
52735,0.216003,0.9891
52759,0.216101,0.9942
52783,0.216199,0.9869
52806,0.216293,0.9889
52829,0.216388,0.9912
52853,0.216486,0.9909
52877,0.216584,0.9869
52901,0.216682,0.986
52924,0.216777,0.9835
52948,0.216875,0.9952
52972,0.216973,1.0007
52996,0.217072,0.9863
53018,0.217162,0.9855
53042,0.21726,0.9767
53065,0.217354,0.9764
53088,0.217448,0.9824
53112,0.217547,0.9982
53136,0.217645,0.9781
53159,0.217739,0.9961
53183,0.217838,0.9899
53206,0.217932,0.9958
53230,0.21803,0.9902
53254,0.218128,0.978
53277,0.218223,0.9705
53300,0.218317,0.9942
53324,0.218415,0.9892
53347,0.218509,0.9896
53371,0.218608,0.9815
53395,0.218706,0.9862
53418,0.2188,0.9992
53442,0.218898,0.9853
53466,0.218997,0.9806
53490,0.219095,0.9865
53513,0.219189,0.9811
53537,0.219288,0.9991
53561,0.219386,0.9802
53584,0.21948,0.9943
53606,0.21957,0.9938
53631,0.219673,0.9723
53654,0.219767,0.9837
53678,0.219865,0.9864
53702,0.219963,0.9909
53726,0.220062,0.9907
53750,0.22016,0.9846
53774,0.220258,0.9813
53798,0.220357,0.9823
53821,0.220451,0.9866
53846,0.220553,0.9909
53869,0.220647,0.9865
53893,0.220746,0.9911
53916,0.22084,0.9985
53940,0.220938,0.9902
53964,0.221037,0.992
53988,0.221135,0.9937
54011,0.221229,0.9889
54035,0.221327,0.9848
54058,0.221422,0.9858
54082,0.22152,0.9849
54106,0.221618,0.9872
54129,0.221712,0.9978
54153,0.221811,0.9863
54177,0.221909,0.9868
54201,0.222007,0.9906
54225,0.222106,0.9853
54249,0.222204,0.9904
54273,0.222302,0.9891
54297,0.222401,0.9977
54321,0.222499,0.9905
54344,0.222593,0.988
54368,0.222691,0.9957
54392,0.22279,0.9883
54416,0.222888,0.9996
54440,0.222986,0.9832
54464,0.223085,0.9864
54488,0.223183,0.9847
54510,0.223273,0.9892
54534,0.223371,0.9902
54558,0.22347,0.9863
54582,0.223568,0.9852
54606,0.223666,0.9813
54631,0.223769,0.9835
54655,0.223867,0.9784
54679,0.223965,0.9849
54684,0.223986,0.9878
54702,0.224059,0.9807
54726,0.224158,0.9907
54750,0.224256,0.9902
54774,0.224354,0.9866
54798,0.224453,0.9877
54821,0.224547,0.9781
54845,0.224645,0.9816
54868,0.224739,0.9838
54892,0.224838,0.9751
54916,0.224936,0.9919
54940,0.225034,0.9791
54964,0.225133,0.9842
54987,0.225227,0.9859
55010,0.225321,0.9865
55034,0.225419,0.9946
55057,0.225513,0.9962
55080,0.225608,0.9808
55103,0.225702,0.9843
55127,0.2258,0.992
55150,0.225894,0.9856
55174,0.225993,0.9941
55198,0.226091,0.9852
55222,0.226189,0.9757
55246,0.226288,0.9913
55270,0.226386,0.9873
55293,0.22648,0.985
55317,0.226578,0.9881
55340,0.226673,0.9847
55364,0.226771,0.9862
55388,0.226869,0.9976
55413,0.226972,0.9764
55436,0.227066,0.9776
55460,0.227164,0.9906
55483,0.227258,0.9848
55507,0.227357,0.9823
55530,0.227451,0.9968
55553,0.227545,0.9925
55577,0.227643,0.982
55601,0.227742,0.9881
55625,0.22784,0.986
55650,0.227942,0.9835
55673,0.228037,0.9769
55697,0.228135,0.9909
55721,0.228233,0.9841
55744,0.228327,0.9912
55768,0.228426,0.9903
55792,0.228524,0.9797
55816,0.228622,0.9794
55839,0.228717,0.9787
55863,0.228815,0.9809
55886,0.228909,0.9894
55911,0.229011,0.9873
55935,0.22911,0.9855
55959,0.229208,0.9801
55983,0.229306,0.9778
56007,0.229405,0.9772
56031,0.229503,0.9866
56055,0.229601,0.9859
56079,0.2297,0.9817
56103,0.229798,0.9879
56127,0.229896,0.9859
56151,0.229994,0.9886
56175,0.230093,0.9877
56199,0.230191,0.9889
56223,0.230289,0.9792
56247,0.230388,0.9874
56271,0.230486,0.9977
56294,0.23058,0.9726
56318,0.230679,0.9971
56341,0.230773,0.9885
56365,0.230871,0.9848
56388,0.230965,0.9714
56412,0.231064,0.9857
56435,0.231158,0.9841
56458,0.231252,0.9857
56482,0.23135,0.9812
56506,0.231449,0.98
56530,0.231547,0.9766
56554,0.231645,0.988
56578,0.231743,0.9866
56602,0.231842,0.9813
56625,0.231936,0.9912
56648,0.23203,0.9852
56672,0.232129,0.9837
56696,0.232227,0.986
56719,0.232321,0.9834
56744,0.232423,0.9842
56768,0.232522,0.9876
56791,0.232616,0.993
56814,0.23271,0.9951
56837,0.232804,0.9974
56861,0.232903,0.9883
56885,0.233001,0.9819
56909,0.233099,0.9883
56932,0.233193,0.9834
56957,0.233296,0.9847
56979,0.233386,0.9881
57003,0.233484,0.9842
57027,0.233583,0.9852
57052,0.233685,0.9868
57075,0.233779,0.9857
57099,0.233878,0.9836
57123,0.233976,0.9824
57147,0.234074,0.9808
57171,0.234172,0.9902
57194,0.234267,0.9906
57218,0.234365,0.976
57242,0.234463,0.9836
57265,0.234557,0.9871
57289,0.234656,0.9873
57312,0.23475,0.9795
57337,0.234852,0.9891
57360,0.234947,0.9942
57384,0.235045,0.9771
57407,0.235139,0.9813
57431,0.235237,0.9906
57455,0.235336,0.9844
57477,0.235426,0.9844
57501,0.235524,0.9824
57525,0.235622,0.9849
57549,0.235721,0.9939
57572,0.235815,0.9853
57596,0.235913,0.9783
57619,0.236007,0.9858
57642,0.236102,0.9805
57666,0.2362,0.9811
57690,0.236298,0.977
57713,0.236392,0.9861
57737,0.236491,0.9753
57760,0.236585,0.9833
57784,0.236683,0.9796
57807,0.236777,0.9785
57832,0.23688,0.9904
57855,0.236974,0.9906
57879,0.237072,0.9831
57903,0.237171,0.9767
57926,0.237265,0.9952
57950,0.237363,0.9882
57974,0.237462,0.9889
57998,0.23756,0.9885
58022,0.237658,0.9731
58046,0.237756,0.9816
58070,0.237855,0.9863
58095,0.237957,0.9864
58117,0.238047,0.9807
58140,0.238141,0.9842
58163,0.238236,0.9925
58187,0.238334,0.982
58211,0.238432,0.9856
58234,0.238526,0.9914
58257,0.238621,0.9766
58281,0.238719,0.988
58305,0.238817,0.982
58329,0.238916,0.9873
58353,0.239014,0.9852
58377,0.239112,0.9785
58401,0.23921,0.9852
58425,0.239309,0.9926
58449,0.239407,0.9822
58472,0.239501,0.9815
58495,0.239596,0.983
58519,0.239694,0.9858
58542,0.239788,0.9903
58565,0.239882,0.985
58589,0.239981,0.9843
58613,0.240079,0.9866
58637,0.240177,0.9761
58661,0.240275,0.9881
58685,0.240374,0.9839
58708,0.240468,0.985
58730,0.240558,0.9791
58753,0.240652,0.9892
58777,0.240751,0.9847
58801,0.240849,0.9893
58825,0.240947,0.9751
58848,0.241041,0.9717
58872,0.24114,0.9763
58894,0.24123,0.9766
58917,0.241324,0.9757
58940,0.241418,0.9845
58964,0.241517,0.9872
58988,0.241615,0.9918
59012,0.241713,0.9869
59037,0.241816,0.9842
59060,0.24191,0.9887
59085,0.242012,0.9911
59108,0.242106,0.9834
59132,0.242205,0.9807
59156,0.242303,0.9872
59180,0.242401,0.9872
59204,0.2425,0.9649
59228,0.242598,0.9823
59252,0.242696,0.9888
59275,0.24279,0.9933
59298,0.242885,0.9829
59322,0.242983,0.9826
59346,0.243081,0.9775
59370,0.24318,0.9833
59393,0.243274,0.985
59416,0.243368,0.982
59440,0.243466,0.9855
59464,0.243565,0.99
59487,0.243659,0.9782
59509,0.243749,0.9876
59533,0.243847,0.9846
59557,0.243945,0.9915
59581,0.244044,0.9844
59604,0.244138,0.996
59627,0.244232,0.9908
59650,0.244326,0.9841
59673,0.244421,0.9881
59697,0.244519,0.9789
59721,0.244617,0.9878
59745,0.244716,0.9829
59769,0.244814,0.9743
59793,0.244912,0.9799
59817,0.24501,0.9891
59842,0.245113,0.9737
59866,0.245211,0.9908
59889,0.245305,0.9788
59913,0.245404,0.9778
59937,0.245502,0.9794
59961,0.2456,0.9793
59985,0.245699,0.9798
60008,0.245793,0.987
60031,0.245887,0.9836
60055,0.245985,0.9866
60077,0.246075,0.9753
60101,0.246174,0.9868
60125,0.246272,0.9849
60149,0.24637,0.9804
60173,0.246469,0.9796
60196,0.246563,0.9862
60219,0.246657,0.9858
60242,0.246751,0.9814
60265,0.246845,0.9753
60289,0.246944,0.9789
60313,0.247042,0.984
60337,0.24714,0.9755
60360,0.247235,0.9842
60384,0.247333,0.9788
60409,0.247435,0.9715
60432,0.247529,0.9801
60455,0.247624,0.9948
60478,0.247718,0.9822
60502,0.247816,0.977
60525,0.24791,0.9775
60549,0.248009,0.9844
60574,0.248111,0.9806
60597,0.248205,0.98
60621,0.248304,0.9842
60645,0.248402,0.9779
60669,0.2485,0.9854
60692,0.248594,0.9879
60716,0.248693,0.9735
60739,0.248787,0.9789
60763,0.248885,0.9829
60787,0.248984,0.9804
60811,0.249082,0.9869
60834,0.249176,0.9877
60858,0.249274,0.9798
60881,0.249369,0.9847
60905,0.249467,0.9901
60929,0.249565,0.9796
60954,0.249668,0.9795
60977,0.249762,0.9909
61001,0.24986,0.9903
61024,0.249954,0.9858
61048,0.250053,0.9874
61072,0.250151,0.9871
61096,0.250249,0.9844
61119,0.250343,0.9786
61143,0.250442,0.985
61167,0.25054,0.9829
61190,0.250634,0.9805
61215,0.250737,0.998
61238,0.250831,0.9891
61261,0.250925,0.9862
61284,0.251019,0.9768
61307,0.251113,0.9808
61332,0.251216,0.9704
61354,0.251306,0.9783
61378,0.251404,0.9848
61402,0.251503,0.9743
61425,0.251597,0.983
61449,0.251695,0.975
61472,0.251789,0.9828
61497,0.251892,0.9831
61520,0.251986,0.9735
61545,0.252088,0.9694
61569,0.252187,0.9681
61592,0.252281,0.991
61617,0.252383,0.9821
61640,0.252477,0.9805
61664,0.252576,0.994
61688,0.252674,0.9801
61712,0.252772,0.9904
61736,0.252871,0.9813
61759,0.252965,0.9804
61783,0.253063,0.9799
61807,0.253161,0.972
61831,0.25326,0.9779
61854,0.253354,0.9805
61878,0.253452,0.9823
61901,0.253546,0.9701
61923,0.253637,0.9743
61946,0.253731,0.9866
61969,0.253825,0.9908
61992,0.253919,0.9919
62016,0.254018,0.9768
62040,0.254116,0.9778
62064,0.254214,0.9842
62088,0.254312,0.9918
62112,0.254411,0.9767
62135,0.254505,0.9892
62159,0.254603,0.9826
62183,0.254702,0.9802
62206,0.254796,0.9902
62230,0.254894,0.9868
62254,0.254992,0.9842
62277,0.255087,0.9883
62301,0.255185,0.9825
62325,0.255283,0.981
62349,0.255382,0.9921
62373,0.25548,0.9922
62396,0.255574,0.9837
62420,0.255672,0.9823
62443,0.255767,0.9774
62467,0.255865,0.9859
62490,0.255959,0.9884
62496,0.255984,1.0072
62514,0.256057,0.9963
62537,0.256152,0.9811
62562,0.256254,0.9837
62586,0.256352,0.978
62610,0.256451,0.9786
62633,0.256545,0.9856
62656,0.256639,0.9851
62680,0.256737,0.9836
62703,0.256831,0.9811
62727,0.25693,0.9824
62751,0.257028,0.985
62775,0.257126,0.9868
62799,0.257225,0.9863
62822,0.257319,0.9864
62846,0.257417,0.9783
62870,0.257516,0.9789
62894,0.257614,0.9805
62917,0.257708,0.986
62941,0.257806,0.9706
62963,0.257896,0.9884
62987,0.257995,0.9798
63011,0.258093,0.9856
63035,0.258191,0.9812
63059,0.25829,0.973
63082,0.258384,0.9808
63106,0.258482,0.9786
63129,0.258576,0.9841
63153,0.258675,0.9747
63176,0.258769,0.9774
63199,0.258863,0.9833
63222,0.258957,0.9781
63246,0.259056,0.9825
63269,0.25915,0.9816
63292,0.259244,0.9767
63316,0.259342,0.9816
63340,0.259441,0.9853
63364,0.259539,0.9802
63387,0.259633,0.9807
63411,0.259731,0.9878
63435,0.25983,0.9863
63459,0.259928,0.983
63483,0.260026,0.9927
63507,0.260125,0.9814
63530,0.260219,0.9691
63554,0.260317,0.9817
63579,0.26042,0.9745
63602,0.260514,0.9879
63626,0.260612,0.9743
63649,0.260706,0.9819
63673,0.260805,0.9764
63696,0.260899,0.9782
63720,0.260997,0.9802
63744,0.261095,0.9806
63768,0.261194,0.9835
63792,0.261292,0.9723
63816,0.26139,0.9889
63840,0.261489,0.9864
63864,0.261587,0.9794
63888,0.261685,0.978
63911,0.261779,0.976
63936,0.261882,0.9719
63959,0.261976,0.9738
63983,0.262074,0.9727
64007,0.262173,0.9796
64031,0.262271,0.9795
64054,0.262365,0.9735
64079,0.262468,0.9898
64103,0.262566,0.9867
64125,0.262656,0.9754
64149,0.262754,0.9931
64173,0.262853,0.9881
64196,0.262947,0.9885
64219,0.263041,0.9871
64243,0.263139,0.985
64267,0.263238,0.9793
64291,0.263336,0.9912
64315,0.263434,0.9842
64339,0.263533,0.9831
64363,0.263631,0.9767
64386,0.263725,0.9749
64410,0.263823,0.9804
64434,0.263922,0.9749
64458,0.26402,0.9838
64480,0.26411,0.9851
64504,0.264208,0.9817
64528,0.264307,0.9845
64552,0.264405,0.9862
64575,0.264499,0.9836
64599,0.264598,0.9748
64623,0.264696,0.9809
64646,0.26479,0.9935
64670,0.264888,0.9878
64694,0.264987,0.9794
64717,0.265081,0.9799
64740,0.265175,0.9739
64765,0.265277,0.9799
64788,0.265372,0.9883
64812,0.26547,0.993
64835,0.265564,0.9723
64859,0.265662,0.979
64884,0.265765,0.9785
64908,0.265863,0.9877
64932,0.265961,0.9762
64956,0.26606,0.972
64979,0.266154,0.9826
65003,0.266252,0.9715
65025,0.266342,0.9824
65049,0.266441,0.9827
65072,0.266535,0.9743
65096,0.266633,0.9848
65119,0.266727,0.9821
65143,0.266826,0.9861
65166,0.26692,0.9813
65190,0.267018,0.9754
65214,0.267117,0.9794
65239,0.267219,0.9845
65263,0.267317,0.9809
65287,0.267416,0.9833
65311,0.267514,0.9847
65335,0.267612,0.9822
65359,0.26771,0.9803
65382,0.267805,0.9876
65406,0.267903,0.9742
65429,0.267997,0.9794
65453,0.268095,0.9792
65476,0.26819,0.977
65499,0.268284,0.9808
65522,0.268378,0.9846
65546,0.268476,0.9821
65570,0.268575,0.977
65594,0.268673,0.9757
65618,0.268771,0.9922
65642,0.26887,0.9804
65666,0.268968,0.9882
65688,0.269058,0.9745
65713,0.26916,0.976
65736,0.269255,0.9715
65760,0.269353,0.9818
65784,0.269451,0.9844
65808,0.26955,0.9712
65831,0.269644,0.9828
65855,0.269742,0.9755
65878,0.269836,0.979
65903,0.269939,0.9819
65925,0.270029,0.9904
65950,0.270131,0.9837
65973,0.270225,0.9727
65996,0.27032,0.9893
66020,0.270418,0.9796
66043,0.270512,0.9804
66067,0.27061,0.9761
66090,0.270705,0.9747
66114,0.270803,0.9915
66137,0.270897,0.9843
66161,0.270995,0.985
66185,0.271094,0.9832
66208,0.271188,0.9846
66233,0.27129,0.978
66255,0.27138,0.9825
66279,0.271479,0.9877
66303,0.271577,0.9794
66327,0.271675,0.9866
66350,0.27177,0.9661
66373,0.271864,0.9843
66396,0.271958,0.9897
66420,0.272056,0.9716
66443,0.272151,0.9752
66467,0.272249,0.9813
66490,0.272343,0.9895
66514,0.272441,0.9841
66537,0.272536,0.976
66561,0.272634,0.975
66584,0.272728,0.9926
66608,0.272826,0.9796
66632,0.272925,0.9846
66656,0.273023,0.9812
66679,0.273117,0.978
66703,0.273215,0.969
66725,0.273306,0.9867
66750,0.273408,0.9742
66773,0.273502,0.9823
66796,0.273596,0.9814
66820,0.273695,0.9634
66844,0.273793,0.9827
66868,0.273891,0.9648
66891,0.273986,0.9806
66914,0.27408,0.9801
66938,0.274178,0.984
66961,0.274272,0.9905
66985,0.274371,0.9736
67008,0.274465,0.9879
67031,0.274559,0.982
67055,0.274657,0.9733
67078,0.274751,0.9821
67101,0.274846,0.9785
67124,0.27494,0.971
67148,0.275038,0.9719
67172,0.275137,0.9831
67197,0.275239,0.9785
67221,0.275337,0.9815
67244,0.275431,0.9791
67267,0.275526,0.9928
67290,0.27562,0.9819
67315,0.275722,0.9846
67338,0.275816,0.9823
67362,0.275915,0.9847
67387,0.276017,0.9802
67411,0.276115,0.9806
67435,0.276214,0.9722
67460,0.276316,0.9848
67484,0.276414,0.9766
67508,0.276513,0.9885
67531,0.276607,0.9849
67555,0.276705,0.9784
67579,0.276804,0.9743
67603,0.276902,0.9761
67626,0.276996,0.9849
67650,0.277094,0.9731
67673,0.277189,0.975
67695,0.277279,0.9726
67718,0.277373,0.9823
67742,0.277471,0.9739
67766,0.27757,0.9761
67790,0.277668,0.9796
67813,0.277762,0.9686
67835,0.277852,0.9741
67858,0.277946,0.974
67881,0.278041,0.9834
67905,0.278139,0.9799
67928,0.278233,0.9826
67952,0.278331,0.9885
67976,0.27843,0.9832
67999,0.278524,0.9758
68023,0.278622,0.975
68046,0.278716,0.983
68069,0.278811,0.9779
68093,0.278909,0.982
68116,0.279003,0.9799
68140,0.279101,0.982
68165,0.279204,0.9776
68188,0.279298,0.9766
68212,0.279396,0.9807
68236,0.279495,0.9814
68259,0.279589,0.9783
68283,0.279687,0.9948
68306,0.279781,0.9766
68330,0.27988,0.977
68354,0.279978,0.9821
68378,0.280076,0.975
68403,0.280179,0.9832
68426,0.280273,0.9685
68449,0.280367,0.9891
68473,0.280465,0.9771
68496,0.28056,0.9802
68520,0.280658,0.975
68544,0.280756,0.9866
68567,0.28085,0.9804
68591,0.280949,0.979
68614,0.281043,0.9762
68638,0.281141,0.9769
68661,0.281235,0.9807
68686,0.281338,0.9739
68710,0.281436,0.9829
68734,0.281534,0.9722
68757,0.281629,0.9798
68781,0.281727,0.9841
68805,0.281825,0.9771
68830,0.281928,0.9715
68854,0.282026,0.9694
68877,0.28212,0.972
68901,0.282218,0.9699
68925,0.282317,0.9736
68949,0.282415,0.9792
68973,0.282513,0.979
68997,0.282612,0.9819
69020,0.282706,0.9864
69043,0.2828,0.9744
69068,0.282903,0.9789
69092,0.283001,0.9681
69115,0.283095,0.9762
69139,0.283193,0.9791
69163,0.283292,0.9668
69187,0.28339,0.9809
69211,0.283488,0.9664
69234,0.283582,0.9768
69257,0.283677,0.9738
69280,0.283771,0.9766
69303,0.283865,0.9818
69327,0.283963,0.9696
69351,0.284062,0.9907
69374,0.284156,0.99
69398,0.284254,0.968
69421,0.284348,0.9819
69443,0.284439,0.9818
69468,0.284541,0.9791
69491,0.284635,0.974
69514,0.284729,0.9775
69538,0.284828,0.9742
69562,0.284926,0.9734
69586,0.285024,0.9684
69609,0.285118,0.9803
69631,0.285209,0.972
69655,0.285307,0.9691
69679,0.285405,0.977
69703,0.285503,0.973
69727,0.285602,0.979
69751,0.2857,0.9803
69774,0.285794,0.9777
69798,0.285893,0.9933
69823,0.285995,0.9719
69847,0.286093,0.9842
69871,0.286192,0.9807
69895,0.28629,0.9842
69919,0.286388,0.9857
69943,0.286487,0.9851
69967,0.286585,0.9859
69990,0.286679,0.9776
70013,0.286773,0.9827
70036,0.286867,0.9758
70060,0.286966,0.9685
70084,0.287064,0.9717
70108,0.287162,0.9723
70132,0.287261,0.9762
70157,0.287363,0.9674
70179,0.287453,0.9724
70203,0.287551,0.9833
70226,0.287646,0.9867
70250,0.287744,0.9663
70275,0.287846,0.9821
70299,0.287945,0.9774
70308,0.287982,0.9928
70322,0.288039,0.9888
70346,0.288137,0.9833
70369,0.288231,0.9782
70392,0.288326,0.9735
70416,0.288424,0.9722
70440,0.288522,0.9691
70463,0.288616,0.9796
70488,0.288719,0.9739
70512,0.288817,0.9634
70536,0.288915,0.9871
70560,0.289014,0.9673
70582,0.289104,0.9687
70607,0.289206,0.9843
70631,0.289305,0.9782
70655,0.289403,0.9721
70679,0.289501,0.9802
70702,0.289595,0.9728
70726,0.289694,0.9698
70749,0.289788,0.9719
70773,0.289886,0.9767
70797,0.289985,0.9792
70820,0.290079,0.9789
70844,0.290177,0.9819
70867,0.290271,0.9835
70891,0.29037,0.9804
70915,0.290468,0.9689
70939,0.290566,0.9858
70963,0.290664,0.9804
70987,0.290763,0.9777
71011,0.290861,0.9766
71034,0.290955,0.9722
71057,0.291049,0.9916
71081,0.291148,0.9755
71105,0.291246,0.9817
71129,0.291344,0.9796
71152,0.291439,0.9775
71175,0.291533,0.9791
71199,0.291631,0.9792
71222,0.291725,0.9759
71246,0.291824,0.9724
71270,0.291922,0.9751
71293,0.292016,0.9802
71317,0.292114,0.9757
71341,0.292213,0.9767
71364,0.292307,0.9837
71388,0.292405,0.9717
71412,0.292504,0.9819
71435,0.292598,0.9893
71459,0.292696,0.9687
71483,0.292794,0.9809
71506,0.292889,0.9721
71529,0.292983,0.9739
71553,0.293081,0.9736
71577,0.293179,0.9856
71600,0.293274,0.9782
71624,0.293372,0.9758
71647,0.293466,0.9829
71671,0.293564,0.976
71694,0.293659,0.9784
71718,0.293757,0.9741
71740,0.293847,0.9676
71764,0.293945,0.9814
71789,0.294048,0.9656
71812,0.294142,0.9791
71836,0.29424,0.9842
71859,0.294334,0.9796
71882,0.294429,0.9796
71906,0.294527,0.9739
71930,0.294625,0.9827
71954,0.294724,0.9694
71978,0.294822,0.9911
72001,0.294916,0.9764
72026,0.295018,0.9744
72050,0.295117,0.9768
72073,0.295211,0.9743
72097,0.295309,0.9765
72121,0.295408,0.9861
72145,0.295506,0.9666
72169,0.295604,0.9698
72192,0.295698,0.9721
72215,0.295793,0.9784
72239,0.295891,0.9879
72262,0.295985,0.9844
72286,0.296083,0.9667
72310,0.296182,0.9822
72334,0.29628,0.9843
72358,0.296378,0.9741
72382,0.296477,0.978
72406,0.296575,0.9762
72430,0.296673,0.9799
72454,0.296772,0.9732
72478,0.29687,0.9813
72502,0.296968,0.9765
72526,0.297066,0.977
72550,0.297165,0.9695
72573,0.297259,0.9826
72596,0.297353,0.9729
72621,0.297456,0.9978
72645,0.297554,0.9736
72669,0.297652,0.9938
72693,0.297751,0.9862
72716,0.297845,0.9837
72739,0.297939,0.9877
72763,0.298037,0.9779
72786,0.298131,0.979
72809,0.298226,0.9799
72832,0.29832,0.9811
72856,0.298418,0.993
72879,0.298512,0.9818
72903,0.298611,0.9866
72925,0.298701,0.9751
72949,0.298799,0.9772
72973,0.298897,0.9755
72996,0.298992,0.9822
73021,0.299094,0.9807
73045,0.299192,0.9832
73069,0.299291,0.9782
73092,0.299385,0.9912
73116,0.299483,0.9786
73140,0.299581,0.9845
73163,0.299676,0.9683
73186,0.29977,0.9935
73211,0.299872,0.9755
73234,0.299966,0.981
73259,0.300069,0.9726
73283,0.300167,0.9877
73307,0.300265,0.9763
73330,0.30036,0.972
73354,0.300458,0.9784
73377,0.300552,0.9812
73400,0.300646,0.9724
73424,0.300745,0.9712
73447,0.300839,0.9797
73471,0.300937,0.9726
73495,0.301036,0.9783
73518,0.30113,0.9743
73542,0.301228,0.9763
73566,0.301326,0.9682
73591,0.301429,0.9832
73614,0.301523,0.9724
73638,0.301621,0.9744
73661,0.301715,0.969
73685,0.301814,0.992
73710,0.301916,0.9779
73733,0.30201,0.98
73757,0.302109,0.9796
73781,0.302207,0.9682
73805,0.302305,0.9708
73828,0.302399,0.9775
73852,0.302498,0.9856
73875,0.302592,0.9824
73899,0.30269,0.9639
73922,0.302785,0.9742
73946,0.302883,0.9731
73969,0.302977,0.9756
73993,0.303075,0.9869
74016,0.30317,0.968
74040,0.303268,0.9727
74064,0.303366,0.9698
74088,0.303464,0.9774
74112,0.303563,0.9774
74136,0.303661,0.978
74158,0.303751,0.9666
74181,0.303845,0.9708
74205,0.303944,0.9823
74229,0.304042,0.9806
74253,0.30414,0.9726
74277,0.304239,0.9747
74300,0.304333,0.9743
74324,0.304431,0.9715
74348,0.304529,0.983
74372,0.304628,0.9844
74395,0.304722,0.9808
74419,0.30482,0.9831
74443,0.304919,0.9756
74467,0.305017,0.973
74491,0.305115,0.9824
74515,0.305213,0.9594
74539,0.305312,0.9901
74564,0.305414,0.9756
74588,0.305512,0.9714
74612,0.305611,0.9738
74636,0.305709,0.979
74659,0.305803,0.9948
74683,0.305902,0.9689
74706,0.305996,0.9799
74729,0.30609,0.9841
74754,0.306192,0.9758
74777,0.306287,0.9647
74800,0.306381,0.9861
74823,0.306475,0.9773
74848,0.306577,0.978
74871,0.306672,0.9737
74895,0.30677,0.9681
74918,0.306864,0.9712
74943,0.306967,0.9786
74966,0.307061,0.9702
74989,0.307155,0.9682
75013,0.307253,0.9905
75037,0.307352,0.9804
75060,0.307446,0.969
75084,0.307544,0.9832
75108,0.307642,0.9708
75131,0.307737,0.969
75155,0.307835,0.9678
75179,0.307933,0.9742
75203,0.308031,0.9833
75227,0.30813,0.9633
75251,0.308228,0.9646
75275,0.308326,0.969
75299,0.308425,0.9755
75322,0.308519,0.9771
75344,0.308609,0.9861
75368,0.308707,0.9783
75393,0.30881,0.9796
75415,0.3089,0.9785
75440,0.309002,0.974
75464,0.309101,0.9792
75488,0.309199,0.9752
75512,0.309297,0.98
75536,0.309395,0.9676
75559,0.30949,0.9771
75583,0.309588,0.9884
75608,0.30969,0.9687
75631,0.309785,0.9779
75655,0.309883,0.9691
75678,0.309977,0.9609
75702,0.310075,0.9721
75725,0.31017,0.9685
75749,0.310268,0.9673
75773,0.310366,0.9684
75797,0.310465,0.9804
75821,0.310563,0.9664
75844,0.310657,0.9792
75868,0.310755,0.9769
75891,0.31085,0.9668
75915,0.310948,0.9711
75939,0.311046,0.977
75963,0.311144,0.9624
75987,0.311243,0.9744
76012,0.311345,0.9882
76035,0.311439,0.9865
76059,0.311538,0.975
76083,0.311636,0.9662
76107,0.311734,0.9799
76130,0.311828,0.9767
76154,0.311927,0.9806
76177,0.312021,0.9822
76201,0.312119,0.9799
76224,0.312214,0.9904
76248,0.312312,0.9786
76273,0.312414,0.9832
76296,0.312508,0.9743
76320,0.312607,0.9717
76343,0.312701,0.9681
76366,0.312795,0.981
76390,0.312893,0.9804
76414,0.312992,0.9747
76437,0.313086,0.9801
76461,0.313184,0.9832
76484,0.313278,0.9746
76508,0.313377,0.9738
76532,0.313475,0.9748
76556,0.313573,0.9763
76579,0.313668,0.9617
76603,0.313766,0.9836
76627,0.313864,0.9738
76651,0.313962,0.9667
76674,0.314057,0.9763
76697,0.314151,0.971
76721,0.314249,0.9899
76744,0.314343,0.9767
76768,0.314442,0.9732
76792,0.31454,0.9648
76817,0.314642,0.974
76840,0.314737,0.9693
76865,0.314839,0.9677
76887,0.314929,0.9769
76911,0.315027,0.9816
76935,0.315126,0.9772
76959,0.315224,0.967
76983,0.315322,0.9703
77007,0.315421,0.9747
77030,0.315515,0.9826
77054,0.315613,0.9764
77078,0.315711,0.9733
77101,0.315806,0.9781
77125,0.315904,0.963
77148,0.315998,0.9688
77171,0.316092,0.9691
77194,0.316187,0.9765
77219,0.316289,0.9755
77242,0.316383,0.9752
77266,0.316482,0.977
77290,0.31658,0.9697
77314,0.316678,0.9807
77338,0.316776,0.9707
77362,0.316875,0.9751
77386,0.316973,0.9847
77410,0.317071,0.9693
77433,0.317166,0.9685
77457,0.317264,0.966
77480,0.317358,0.9806
77505,0.31746,0.9815
77528,0.317555,0.9883
77552,0.317653,0.991
77576,0.317751,0.9765
77600,0.31785,0.981
77623,0.317944,0.9693
77647,0.318042,0.9748
77671,0.31814,0.9808
77694,0.318235,0.982
77717,0.318329,0.9698
77741,0.318427,0.9637
77764,0.318521,0.9796
77788,0.31862,0.9725
77811,0.318714,0.9813
77835,0.318812,0.9765
77859,0.31891,0.9724
77883,0.319009,0.9639
77907,0.319107,0.962
77931,0.319205,0.9684
77954,0.3193,0.9761
77977,0.319394,0.9643
78001,0.319492,0.9684
78025,0.31959,0.972
78048,0.319685,0.9729
78072,0.319783,0.9705
78095,0.319877,0.9668
78119,0.319975,0.9674
78120,0.31998,0.9769
78143,0.320074,0.9614
78167,0.320172,0.9676
78191,0.32027,0.9777
78216,0.320373,0.9729
78238,0.320463,0.9739
78263,0.320565,0.9843
78285,0.320655,0.976
78310,0.320758,0.9686
78333,0.320852,0.9656
78357,0.32095,0.9676
78381,0.321049,0.9683
78405,0.321147,0.9797
78429,0.321245,0.9682
78453,0.321343,0.9758
78476,0.321438,0.9773
78499,0.321532,0.9779
78522,0.321626,0.9681
78545,0.32172,0.9784
78569,0.321819,0.9725
78592,0.321913,0.9735
78616,0.322011,0.9634
78640,0.322109,0.97
78664,0.322208,0.9871
78688,0.322306,0.9697
78713,0.322408,0.9858
78736,0.322503,0.9712
78760,0.322601,0.9828
78783,0.322695,0.9729
78807,0.322793,0.9726
78830,0.322888,0.9793
78854,0.322986,0.9752
78878,0.323084,0.9876
78902,0.323183,0.9785
78926,0.323281,0.9777
78950,0.323379,0.9755
78973,0.323473,0.983
78996,0.323568,0.9631
79020,0.323666,0.9713
79044,0.323764,0.9698
79067,0.323858,0.9791
79091,0.323957,0.9715
79115,0.324055,0.9781
79139,0.324153,0.9623
79162,0.324248,0.9766
79185,0.324342,0.9886
79210,0.324444,0.9844
79233,0.324538,0.9766
79257,0.324637,0.9773
79281,0.324735,0.9718
79305,0.324833,0.9751
79330,0.324936,0.9723
79354,0.325034,0.9774
79377,0.325128,0.9893
79400,0.325222,0.9742
79423,0.325317,0.9779
79447,0.325415,0.9671
79471,0.325513,0.9716
79495,0.325612,0.9712
79518,0.325706,0.9781
79543,0.325808,0.9658
79566,0.325902,0.986
79589,0.325997,0.9688
79614,0.326099,0.9677
79637,0.326193,0.9728
79660,0.326287,0.9756
79684,0.326386,0.9705
79708,0.326484,0.9741
79732,0.326582,0.9733
79756,0.326681,0.9745
79780,0.326779,0.9768
79804,0.326877,0.9682
79828,0.326975,0.9682
79851,0.32707,0.9662
79875,0.327168,0.9751
79898,0.327262,0.9597
79923,0.327365,0.9705
79946,0.327459,0.9684
79969,0.327553,0.9817
79992,0.327647,0.9869
80016,0.327746,0.9801
80039,0.32784,0.9733
80062,0.327934,0.9726
80085,0.328028,0.9674
80108,0.328122,0.9785
80131,0.328217,0.9743
80155,0.328315,0.9816
80179,0.328413,0.9774
80203,0.328511,0.9624
80226,0.328606,0.9744
80250,0.328704,0.9758
80273,0.328798,0.9775
80296,0.328892,0.9693
80320,0.328991,0.9711
80343,0.329085,0.9703
80367,0.329183,0.9711
80391,0.329282,0.9625
80413,0.329372,0.9667
80438,0.329474,0.976
80461,0.329568,0.9689
80485,0.329667,0.9769
80508,0.329761,0.9766
80532,0.329859,0.9753
80556,0.329957,0.9619
80580,0.330056,0.9835
80603,0.33015,0.9764
80628,0.330252,0.9676
80652,0.330351,0.9801
80676,0.330449,0.9652
80700,0.330547,0.9774
80723,0.330641,0.9677
80746,0.330736,0.9727
80768,0.330826,0.9708
80792,0.330924,0.9773
80816,0.331022,0.9622
80840,0.331121,0.9789
80864,0.331219,0.9749
80888,0.331317,0.965
80912,0.331416,0.9713
80935,0.33151,0.9793
80959,0.331608,0.9789
80983,0.331706,0.9739
81006,0.331801,0.9685
81030,0.331899,0.9899
81054,0.331997,0.9714
81079,0.3321,0.9771
81102,0.332194,0.9706
81125,0.332288,0.9804
81149,0.332386,0.9853
81172,0.332481,0.9752
81196,0.332579,0.9804
81219,0.332673,0.9698
81242,0.332767,0.9793
81265,0.332861,0.9573
81289,0.33296,0.9745
81313,0.333058,0.9776
81337,0.333156,0.975
81360,0.333251,0.9696
81384,0.333349,0.9682
81408,0.333447,0.9683
81432,0.333545,0.9803
81455,0.33364,0.974
81479,0.333738,0.9768
81502,0.333832,0.9679
81526,0.33393,0.9667
81549,0.334025,0.9686
81573,0.334123,0.9789
81597,0.334221,0.9665
81621,0.33432,0.9726
81644,0.334414,0.9764
81668,0.334512,0.9759
81692,0.33461,0.9793
81715,0.334705,0.9814
81738,0.334799,0.9649
81762,0.334897,0.9837
81785,0.334991,0.9732
81807,0.335081,0.9722
81831,0.33518,0.9704
81855,0.335278,0.9662
81878,0.335372,0.9785
81902,0.335471,0.9756
81926,0.335569,0.9729
81950,0.335667,0.9674
81974,0.335766,0.9769
81997,0.33586,0.9777
82021,0.335958,0.9891
82045,0.336056,0.9718
82068,0.336151,0.9744
82092,0.336249,0.9741
82116,0.336347,0.98
82140,0.336445,0.9674
82164,0.336544,0.9678
82187,0.336638,0.9729
82211,0.336736,0.9727
82235,0.336835,0.9803
82259,0.336933,0.9701
82283,0.337031,0.9686
82306,0.337125,0.9841
82329,0.33722,0.9817
82353,0.337318,0.9722
82377,0.337416,0.9698
82401,0.337514,0.9702
82425,0.337613,0.9687
82448,0.337707,0.9748
82472,0.337805,0.9604
82496,0.337904,0.9697
82519,0.337998,0.9757
82543,0.338096,0.9695
82567,0.338194,0.9703
82591,0.338293,0.978
82615,0.338391,0.9738
82639,0.338489,0.9885
82663,0.338588,0.9774
82687,0.338686,0.9739
82711,0.338784,0.9674
82735,0.338883,0.9762
82759,0.338981,0.9769
82783,0.339079,0.9764
82806,0.339173,0.9805
82829,0.339268,0.9741
82853,0.339366,0.9726
82877,0.339464,0.9665
82900,0.339558,0.9764
82925,0.339661,0.974
82948,0.339755,0.9729
82971,0.339849,0.9716
82994,0.339943,0.961
83018,0.340042,0.9749
83041,0.340136,0.9663
83065,0.340234,0.9648
83088,0.340328,0.9641
83112,0.340427,0.9787
83136,0.340525,0.9712
83160,0.340623,0.9703
83184,0.340722,0.9757
83208,0.34082,0.9756
83232,0.340918,0.9672
83256,0.341017,0.9736
83279,0.341111,0.9797
83303,0.341209,0.9746
83327,0.341307,0.9702
83351,0.341406,0.9748
83375,0.341504,0.9782
83399,0.341602,0.9699
83423,0.341701,0.9722
83447,0.341799,0.9702
83470,0.341893,0.9793
83494,0.341991,0.9702
83518,0.34209,0.973
83541,0.342184,0.975
83565,0.342282,0.9707
83588,0.342376,0.9702
83612,0.342475,0.9628
83636,0.342573,0.9741
83660,0.342671,0.9701
83684,0.34277,0.9753
83708,0.342868,0.9711
83732,0.342966,0.977
83756,0.343065,0.9726
83780,0.343163,0.9728
83804,0.343261,0.9696
83828,0.343359,0.9668
83851,0.343454,0.9761
83875,0.343552,0.9671
83899,0.34365,0.9735
83922,0.343745,0.9727
83946,0.343843,0.9836
83969,0.343937,0.9795
83994,0.344039,0.9706
84018,0.344138,0.9725
84041,0.344232,0.9701
84065,0.34433,0.9693
84089,0.344429,0.9717
84113,0.344527,0.976
84136,0.344621,0.9705
84160,0.344719,0.9679
84184,0.344818,0.9685
84207,0.344912,0.9704
84232,0.345014,0.9833
84255,0.345108,0.9709
84279,0.345207,0.9662
84302,0.345301,0.9784
84327,0.345403,0.9728
84351,0.345502,0.9803
84374,0.345596,0.9725
84397,0.34569,0.9814
84420,0.345784,0.9874
84443,0.345879,0.9775
84467,0.345977,0.9717
84491,0.346075,0.9698
84514,0.346169,0.9662
84538,0.346268,0.967
84561,0.346362,0.967
84585,0.34646,0.9725
84607,0.34655,0.978
84630,0.346644,0.9805
84654,0.346743,0.9786
84677,0.346837,0.9694
84700,0.346931,0.9629
84724,0.34703,0.9679
84748,0.347128,0.983
84771,0.347222,0.9782
84795,0.34732,0.9716
84818,0.347415,0.9693
84841,0.347509,0.9678
84865,0.347607,0.9755
84888,0.347701,0.9743
84913,0.347804,0.9876
84936,0.347898,0.9684
84959,0.347992,0.9797
84983,0.34809,0.9682
85007,0.348189,0.9611
85030,0.348283,0.9792
85054,0.348381,0.9763
85078,0.348479,0.982
85101,0.348574,0.9695
85125,0.348672,0.9771
85149,0.34877,0.9654
85173,0.348869,0.9786
85195,0.348959,0.9731
85219,0.349057,0.9694
85242,0.349151,0.9663
85266,0.34925,0.9722
85290,0.349348,0.9611
85314,0.349446,0.9686
85337,0.34954,0.972
85361,0.349639,0.9658
85385,0.349737,0.9694
85409,0.349835,0.9634
85433,0.349934,0.9691
85456,0.350028,0.9745
85479,0.350122,0.9716
85503,0.35022,0.9598
85526,0.350314,0.9718
85550,0.350413,0.9682
85574,0.350511,0.9649
85598,0.350609,0.976
85622,0.350708,0.9657
85646,0.350806,0.9636
85669,0.3509,0.9723
85693,0.350999,0.9693
85717,0.351097,0.9592
85740,0.351191,0.9828
85764,0.351289,0.9682
85787,0.351384,0.9794
85811,0.351482,0.9693
85835,0.35158,0.9659
85858,0.351674,0.9779
85882,0.351773,0.9811
85906,0.351871,0.97
85929,0.351965,0.9735
85932,0.351977,0.9769
85953,0.352063,0.9725
85977,0.352162,0.9746
86001,0.35226,0.9714
86025,0.352358,0.9693
86049,0.352457,0.9761
86072,0.352551,0.9706
86096,0.352649,0.9633
86118,0.352739,0.9719
86142,0.352838,0.9659
86166,0.352936,0.9711
86190,0.353034,0.9808
86214,0.353133,0.9789
86238,0.353231,0.969
86261,0.353325,0.9652
86285,0.353423,0.9724
86310,0.353526,0.982
86334,0.353624,0.9654
86358,0.353722,0.9766
86382,0.353821,0.9692
86406,0.353919,0.9765
86430,0.354017,0.9707
86454,0.354116,0.9888
86478,0.354214,0.969
86502,0.354312,0.9805
86524,0.354402,0.9636
86548,0.354501,0.9767
86572,0.354599,0.9782
86594,0.354689,0.9712
86619,0.354791,0.9594
86642,0.354886,0.982
86666,0.354984,0.968
86690,0.355082,0.9755
86714,0.355181,0.9752
86738,0.355279,0.9691
86763,0.355381,0.9754
86787,0.35548,0.9677
86811,0.355578,0.9665
86834,0.355672,0.9712
86858,0.35577,0.9711
86882,0.355869,0.9723
86904,0.355959,0.9719
86928,0.356057,0.9626
86951,0.356151,0.9724
86974,0.356246,0.9716
86998,0.356344,0.9612
87022,0.356442,0.9791
87046,0.35654,0.9798
87068,0.356631,0.9731
87092,0.356729,0.9709
87116,0.356827,0.9724
87139,0.356921,0.9701
87162,0.357016,0.9746
87185,0.35711,0.9817
87208,0.357204,0.9832
87231,0.357298,0.9744
87255,0.357396,0.9633
87278,0.357491,0.9669
87302,0.357589,0.9685
87326,0.357687,0.9853
87350,0.357786,0.9682
87373,0.35788,0.9719
87397,0.357978,0.9686
87420,0.358072,0.967
87444,0.358171,0.9842
87467,0.358265,0.9707
87491,0.358363,0.9683
87516,0.358466,0.9633
87539,0.35856,0.969
87562,0.358654,0.9732
87587,0.358756,0.9797
87611,0.358855,0.9677
87634,0.358949,0.9833
87657,0.359043,0.9726
87681,0.359141,0.9675
87704,0.359236,0.9641
87729,0.359338,0.9682
87752,0.359432,0.9718
87776,0.35953,0.9708
87800,0.359629,0.9701
87824,0.359727,0.9659
87848,0.359825,0.9728
87872,0.359924,0.9753
87896,0.360022,0.9698
87920,0.36012,0.9672
87943,0.360215,0.9645
87967,0.360313,0.9796
87990,0.360407,0.9706
88014,0.360505,0.9664
88038,0.360604,0.9772
88062,0.360702,0.9765
88086,0.3608,0.9715
88110,0.360899,0.9683
88134,0.360997,0.9686
88158,0.361095,0.9648
88182,0.361193,0.9622
88205,0.361288,0.9672
88228,0.361382,0.9691
88252,0.36148,0.9684
88276,0.361578,0.9668
88299,0.361673,0.9635
88323,0.361771,0.9645
88347,0.361869,0.965
88371,0.361968,0.9662
88395,0.362066,0.9688
88419,0.362164,0.9785
88442,0.362258,0.9671
88466,0.362357,0.9818
88490,0.362455,0.9698
88513,0.362549,0.9727
88537,0.362648,0.9741
88560,0.362742,0.9644
88583,0.362836,0.9687
88606,0.36293,0.9768
88630,0.363028,0.9711
88654,0.363127,0.9671
88677,0.363221,0.989
88700,0.363315,0.9728
88724,0.363414,0.9663
88748,0.363512,0.975
88771,0.363606,0.975
88794,0.3637,0.9646
88819,0.363803,0.9691
88841,0.363893,0.9733
88865,0.363991,0.9711
88890,0.364093,0.9648
88914,0.364192,0.9685
88938,0.36429,0.9615
88962,0.364388,0.9694
88986,0.364487,0.9779
89009,0.364581,0.9777
89033,0.364679,0.966
89056,0.364773,0.9538
89080,0.364872,0.9725
89104,0.36497,0.9704
89127,0.365064,0.9792
89151,0.365162,0.9819
89175,0.365261,0.9735
89199,0.365359,0.9615
89223,0.365457,0.9631
89247,0.365556,0.9728
89270,0.36565,0.967
89294,0.365748,0.9703
89318,0.365847,0.9821
89341,0.365941,0.9704
89365,0.366039,0.9561
89389,0.366137,0.9778
89412,0.366232,0.9744
89435,0.366326,0.9683
89458,0.36642,0.9767
89482,0.366518,0.9706
89506,0.366617,0.9638
89528,0.366707,0.9739
89551,0.366801,0.9736
89576,0.366903,0.966
89599,0.366998,0.9707
89623,0.367096,0.9715
89646,0.36719,0.9738
89669,0.367284,0.9584
89693,0.367383,0.9768
89716,0.367477,0.9702
89739,0.367571,0.9736
89763,0.367669,0.9707
89787,0.367768,0.9753
89810,0.367862,0.9789
89833,0.367956,0.9791
89857,0.368054,0.9626
89882,0.368157,0.9604
89906,0.368255,0.973
89930,0.368353,0.9706
89953,0.368447,0.9673
89977,0.368546,0.9683
90000,0.36864,0.9691
90024,0.368738,0.9788
90048,0.368837,0.961
90072,0.368935,0.9678
90095,0.369029,0.9638
90119,0.369127,0.9725
90142,0.369222,0.9766
90166,0.36932,0.9693
90189,0.369414,0.9749
90213,0.369512,0.9753
90236,0.369607,0.9689
90260,0.369705,0.9737
90283,0.369799,0.9716
90307,0.369897,0.9632
90331,0.369996,0.9676
90355,0.370094,0.9737
90379,0.370192,0.9679
90402,0.370287,0.9631
90425,0.370381,0.9789
90449,0.370479,0.9765
90472,0.370573,0.9617
90496,0.370672,0.9623
90520,0.37077,0.9679
90543,0.370864,0.9676
90565,0.370954,0.971
90588,0.371048,0.9686
90612,0.371147,0.9695
90635,0.371241,0.9712
90660,0.371343,0.9676
90684,0.371442,0.9761
90707,0.371536,0.9647
90730,0.37163,0.9777
90753,0.371724,0.9672
90777,0.371823,0.9588
90801,0.371921,0.9716
90824,0.372015,0.9563
90847,0.372109,0.9695
90870,0.372204,0.9713
90893,0.372298,0.9801
90917,0.372396,0.9705
90942,0.372498,0.9687
90965,0.372593,0.9836
90989,0.372691,0.9709
91012,0.372785,0.9674
91036,0.372883,0.9615
91060,0.372982,0.9593
91083,0.373076,0.973
91107,0.373174,0.974
91130,0.373268,0.9666
91154,0.373367,0.9751
91178,0.373465,0.963
91201,0.373559,0.9697
91224,0.373654,0.9689
91248,0.373752,0.9579
91273,0.373854,0.9687
91296,0.373948,0.9664
91320,0.374047,0.9628
91344,0.374145,0.9656
91368,0.374243,0.968
91391,0.374338,0.971
91415,0.374436,0.9733
91439,0.374534,0.9767
91463,0.374632,0.9621
91488,0.374735,0.9749
91511,0.374829,0.9692
91535,0.374927,0.9697
91559,0.375026,0.9724
91583,0.375124,0.9648
91607,0.375222,0.9736
91631,0.375321,0.9681
91655,0.375419,0.9826
91679,0.375517,0.9683
91702,0.375611,0.9841
91726,0.37571,0.9725
91750,0.375808,0.9679
91773,0.375902,0.9695
91797,0.376001,0.9624
91820,0.376095,0.96
91843,0.376189,0.9739
91866,0.376283,0.9692
91889,0.376377,0.9608
91913,0.376476,0.9764
91937,0.376574,0.9698
91961,0.376672,0.9628
91984,0.376766,0.9697
92008,0.376865,0.9645
92031,0.376959,0.9716
92054,0.377053,0.972
92078,0.377151,0.9711
92102,0.37725,0.9649
92125,0.377344,0.9627
92150,0.377446,0.959
92173,0.377541,0.9671
92197,0.377639,0.9637
92221,0.377737,0.963
92245,0.377836,0.9724
92270,0.377938,0.9675
92293,0.378032,0.9751
92316,0.378126,0.9668
92339,0.378221,0.9623
92363,0.378319,0.9701
92387,0.378417,0.9676
92411,0.378515,0.9747
92435,0.378614,0.9651
92458,0.378708,0.9725
92481,0.378802,0.9738
92505,0.3789,0.9667
92529,0.378999,0.9659
92553,0.379097,0.9642
92577,0.379195,0.975
92601,0.379294,0.9726
92625,0.379392,0.9739
92648,0.379486,0.9672
92671,0.37958,0.9624
92695,0.379679,0.9795
92719,0.379777,0.9678
92743,0.379875,0.9643
92767,0.379974,0.9619
92790,0.380068,0.9678
92814,0.380166,0.9798
92838,0.380264,0.9742
92862,0.380363,0.9699
92885,0.380457,0.9659
92908,0.380551,0.9739
92933,0.380654,0.969
92955,0.380744,0.975
92978,0.380838,0.9732
93002,0.380936,0.9642
93026,0.381034,0.9691
93049,0.381129,0.967
93073,0.381227,0.9667
93097,0.381325,0.9649
93121,0.381424,0.9636
93145,0.381522,0.9694
93169,0.38162,0.9672
93193,0.381719,0.9787
93217,0.381817,0.9723
93240,0.381911,0.9696
93264,0.382009,0.9763
93286,0.382099,0.9602
93310,0.382198,0.9559
93334,0.382296,0.9653
93357,0.38239,0.9644
93380,0.382484,0.9688
93404,0.382583,0.9668
93428,0.382681,0.9615
93452,0.382779,0.9674
93476,0.382878,0.9689
93500,0.382976,0.9679
93523,0.38307,0.9695
93547,0.383169,0.9783
93571,0.383267,0.9662
93594,0.383361,0.97
93619,0.383463,0.9712
93642,0.383558,0.9745
93666,0.383656,0.9713
93690,0.383754,0.9704
93714,0.383853,0.9722
93738,0.383951,0.969
93744,0.383975,0.9759
93762,0.384049,0.9712
93785,0.384143,0.9815
93809,0.384242,0.9602
93833,0.38434,0.9657
93857,0.384438,0.9696
93881,0.384537,0.9593
93904,0.384631,0.9652
93928,0.384729,0.9618
93952,0.384827,0.9723
93976,0.384926,0.9701
93999,0.38502,0.9596
94022,0.385114,0.9763
94046,0.385212,0.9738
94071,0.385315,0.9621
94094,0.385409,0.9718
94117,0.385503,0.9588
94141,0.385602,0.9669
94164,0.385696,0.9657
94187,0.38579,0.97
94210,0.385884,0.9783
94233,0.385978,0.9725
94257,0.386077,0.9727
94281,0.386175,0.9643
94305,0.386273,0.9739
94328,0.386367,0.9591
94351,0.386462,0.9792
94374,0.386556,0.9766
94398,0.386654,0.9572
94421,0.386748,0.9737
94444,0.386843,0.9716
94469,0.386945,0.9703
94493,0.387043,0.9599
94517,0.387142,0.966
94540,0.387236,0.9859
94563,0.38733,0.9644
94587,0.387428,0.9695
94611,0.387527,0.9673
94635,0.387625,0.9717
94658,0.387719,0.9688
94681,0.387813,0.9659
94705,0.387912,0.9768
94729,0.38801,0.9687
94752,0.388104,0.9675
94777,0.388207,0.9753
94801,0.388305,0.9732
94825,0.388403,0.9642
94849,0.388502,0.973
94873,0.3886,0.9676
94896,0.388694,0.9615
94920,0.388792,0.9667
94944,0.388891,0.9622
94968,0.388989,0.9643
94992,0.389087,0.9703
95017,0.38919,0.974
95041,0.389288,0.9692
95065,0.389386,0.9753
95088,0.38948,0.9733
95112,0.389579,0.9646
95136,0.389677,0.9755
95161,0.389779,0.9752
95185,0.389878,0.974
95208,0.389972,0.9701
95232,0.39007,0.9757
95255,0.390164,0.9719
95279,0.390263,0.9713
95303,0.390361,0.9719
95327,0.390459,0.9604
95351,0.390558,0.9748
95374,0.390652,0.9777
95398,0.39075,0.9756
95422,0.390849,0.977
95446,0.390947,0.9648
95469,0.391041,0.9687
95494,0.391143,0.9691
95518,0.391242,0.9626
95541,0.391336,0.9747
95564,0.39143,0.9773
95588,0.391528,0.9668
95611,0.391623,0.9644
95636,0.391725,0.9588
95658,0.391815,0.9693
95681,0.391909,0.9696
95704,0.392004,0.9614
95728,0.392102,0.9672
95752,0.3922,0.9749
95775,0.392294,0.9658
95799,0.392393,0.9716
95822,0.392487,0.9664
95846,0.392585,0.9617
95870,0.392684,0.9613
95893,0.392778,0.9599
95917,0.392876,0.9792
95941,0.392974,0.9775
95965,0.393073,0.97
95988,0.393167,0.9655
96011,0.393261,0.9743
96035,0.393359,0.9691
96059,0.393458,0.9768
96083,0.393556,0.9549
96107,0.393654,0.9661
96130,0.393748,0.9606
96153,0.393843,0.9679
96177,0.393941,0.9633
96200,0.394035,0.9634
96223,0.394129,0.9697
96247,0.394228,0.9651
96270,0.394322,0.9724
96293,0.394416,0.9637
96317,0.394514,0.9678
96341,0.394613,0.9746
96365,0.394711,0.9784
96389,0.394809,0.965
96412,0.394904,0.9672
96436,0.395002,0.9707
96460,0.3951,0.9685
96484,0.395198,0.9665
96507,0.395293,0.9658
96530,0.395387,0.9671
96554,0.395485,0.9684
96577,0.395579,0.9709
96601,0.395678,0.9742
96624,0.395772,0.968
96648,0.39587,0.9738
96672,0.395969,0.9732
96695,0.396063,0.9673
96718,0.396157,0.9663
96742,0.396255,0.964
96766,0.396354,0.9607
96790,0.396452,0.967
96814,0.39655,0.9679
96838,0.396648,0.9662
96862,0.396747,0.9768
96886,0.396845,0.9641
96910,0.396943,0.9721
96933,0.397038,0.9705
96956,0.397132,0.9628
96980,0.39723,0.9614
97004,0.397328,0.98
97027,0.397423,0.9773
97051,0.397521,0.9771
97075,0.397619,0.9674
97099,0.397718,0.9632
97122,0.397812,0.967
97146,0.39791,0.9676
97170,0.398008,0.962
97194,0.398107,0.9766
97218,0.398205,0.9755
97241,0.398299,0.9615
97265,0.398397,0.9714
97289,0.398496,0.9645
97312,0.39859,0.9699
97336,0.398688,0.967
97360,0.398787,0.9749
97384,0.398885,0.9782
97408,0.398983,0.9738
97433,0.399086,1.0021
97457,0.399184,0.9684
97481,0.399282,0.9591
97505,0.39938,0.978
97529,0.399479,0.9688
97553,0.399577,0.9628
97577,0.399675,0.9722
97601,0.399774,0.9651
97624,0.399868,0.9643
97648,0.399966,0.9717
97672,0.400065,0.963
97695,0.400159,0.9671
97718,0.400253,0.9657
97740,0.400343,0.9672
97764,0.400441,0.9748
97787,0.400536,0.9706
97811,0.400634,0.9613
97835,0.400732,0.9633
97858,0.400826,0.9689
97882,0.400925,0.965
97906,0.401023,0.9741
97930,0.401121,0.9699
97954,0.40122,0.9631
97978,0.401318,0.9667
98002,0.401416,0.9871
98026,0.401514,0.9693
98051,0.401617,0.9656
98074,0.401711,0.9748
98098,0.401809,0.9689
98122,0.401908,0.9738
98146,0.402006,0.9755
98170,0.402104,0.9642
98194,0.402203,0.9656
98218,0.402301,0.9719
98242,0.402399,0.9705
98265,0.402493,0.9613
98289,0.402592,0.9725
98312,0.402686,0.9718
98336,0.402784,0.9688
98359,0.402878,0.9644
98384,0.402981,0.963
98407,0.403075,0.9581
98431,0.403173,0.9673
98454,0.403268,0.9566
98478,0.403366,0.9585
98501,0.40346,0.9623
98525,0.403558,0.9701
98548,0.403653,0.9753
98572,0.403751,0.9734
98596,0.403849,0.9706
98620,0.403948,0.9749
98644,0.404046,0.9676
98668,0.404144,0.9695
98691,0.404238,0.9707
98714,0.404333,0.971
98737,0.404427,0.9656
98760,0.404521,0.9604
98784,0.404619,0.965
98809,0.404722,0.9717
98832,0.404816,0.9708
98856,0.404914,0.9634
98881,0.405017,0.9668
98904,0.405111,0.9734
98927,0.405205,0.9718
98952,0.405307,0.973
98975,0.405402,0.9654
98998,0.405496,0.969
99022,0.405594,0.964
99046,0.405692,0.9597
99069,0.405787,0.9686
99093,0.405885,0.9652
99117,0.405983,0.9703
99141,0.406082,0.9624
99164,0.406176,0.9611
99188,0.406274,0.9672
99211,0.406368,0.9688
99235,0.406467,0.9779
99258,0.406561,0.9584
99281,0.406655,0.9739
99304,0.406749,0.9621
99328,0.406847,0.9647
99352,0.406946,0.971
99376,0.407044,0.9921
99400,0.407142,0.9592
99424,0.407241,0.9707
99448,0.407339,0.9637
99472,0.407437,0.974
99495,0.407532,0.9599
99519,0.40763,0.9568
99543,0.407728,0.9747
99566,0.407822,0.9592
99589,0.407917,0.9693
99613,0.408015,0.9788
99636,0.408109,0.961
99660,0.408207,0.9669
99683,0.408302,0.9718
99706,0.408396,0.9763
99730,0.408494,0.9679
99754,0.408592,0.9615
99778,0.408691,0.9577
99800,0.408781,0.9571
99824,0.408879,0.9665
99848,0.408977,0.9592
99871,0.409072,0.9687
99894,0.409166,0.9647
99919,0.409268,0.9716
99943,0.409367,0.9727
99967,0.409465,0.9666
99990,0.409559,0.9648
100015,0.409661,0.965
100038,0.409756,0.9668
100062,0.409854,0.9685
100086,0.409952,0.9636
100109,0.410046,0.9689
100133,0.410145,0.9662
100157,0.410243,0.9737
100181,0.410341,0.9612
100204,0.410436,0.9553
100228,0.410534,0.9593
100251,0.410628,0.9725
100275,0.410726,0.9681
100299,0.410825,0.9661
100323,0.410923,0.9686
100348,0.411025,0.9611
100371,0.41112,0.9711
100395,0.411218,0.9571
100418,0.411312,0.9742
100442,0.41141,0.9571
100466,0.411509,0.9694
100490,0.411607,0.964
100513,0.411701,0.9678
100537,0.4118,0.9648
100561,0.411898,0.971
100585,0.411996,0.9742
100608,0.41209,0.9635
100632,0.412189,0.971
100656,0.412287,0.9729
100680,0.412385,0.9606
100705,0.412488,0.9732
100728,0.412582,0.9834
100752,0.41268,0.9794
100776,0.412778,0.9623
100800,0.412877,0.9775
100824,0.412975,0.9705
100846,0.413065,0.9644
100871,0.413168,0.9828
100894,0.413262,0.9592
100917,0.413356,0.9697
100942,0.413458,0.965
100965,0.413553,0.967
100990,0.413655,0.9624
101013,0.413749,0.9803
101036,0.413843,0.979
101059,0.413938,0.9725
101084,0.41404,0.9623
101108,0.414138,0.9712
101132,0.414237,0.9785
101155,0.414331,0.9627
101179,0.414429,0.9801
101203,0.414527,0.9701
101226,0.414622,0.9686
101250,0.41472,0.9705
101273,0.414814,0.983
101297,0.414913,0.9654
101321,0.415011,0.97
101344,0.415105,0.9659
101368,0.415203,0.9646
101392,0.415302,0.966
101416,0.4154,0.9678
101440,0.415498,0.9867
101464,0.415597,0.9674
101488,0.415695,0.962
101512,0.415793,0.9618
101536,0.415891,0.9688
101556,0.415973,0.9585
101560,0.41599,0.9608
101583,0.416084,0.9805
101606,0.416178,0.9625
101630,0.416276,0.9631
101653,0.416371,0.9711
101677,0.416469,0.9673
101701,0.416567,0.9596
101724,0.416662,0.9702
101747,0.416756,0.9682
101771,0.416854,0.9535
101796,0.416956,0.9738
101819,0.417051,0.9711
101843,0.417149,0.971
101867,0.417247,0.9678
101892,0.41735,0.9602
101915,0.417444,0.9762
101938,0.417538,0.955
101963,0.41764,0.9645
101986,0.417735,0.9758
102010,0.417833,0.9706
102033,0.417927,0.971
102056,0.418021,0.9692
102080,0.41812,0.9579
102104,0.418218,0.9566
102127,0.418312,0.96
102150,0.418406,0.9568
102174,0.418505,0.9723
102198,0.418603,0.9576
102222,0.418701,0.9723
102245,0.418796,0.9647
102269,0.418894,0.9678
102293,0.418992,0.9672
102317,0.41909,0.9611
102340,0.419185,0.9693
102364,0.419283,0.9661
102388,0.419381,0.9633
102412,0.41948,0.9647
102436,0.419578,0.9631
102460,0.419676,0.9702
102484,0.419774,0.9629
102508,0.419873,0.9668
102532,0.419971,0.9672
102556,0.420069,0.9652
102580,0.420168,0.9617
102604,0.420266,0.9649
102627,0.42036,0.971
102651,0.420458,0.9692
102674,0.420553,0.9711
102698,0.420651,0.9761
102721,0.420745,0.9597
102745,0.420844,0.9652
102769,0.420942,0.9738
102794,0.421044,0.9571
102816,0.421134,0.9619
102839,0.421229,0.9618
102863,0.421327,0.9595
102886,0.421421,0.9827
102910,0.421519,0.9654
102933,0.421614,0.9641
102957,0.421712,0.9637
102981,0.42181,0.967
103005,0.421908,0.964
103029,0.422007,0.9686
103052,0.422101,0.9693
103076,0.422199,0.9585
103100,0.422298,0.9678
103125,0.4224,0.9754
103148,0.422494,0.9667
103171,0.422588,0.9637
103195,0.422687,0.9677
103218,0.422781,0.9776
103243,0.422883,0.9662
103267,0.422982,0.9614
103291,0.42308,0.9625
103313,0.42317,0.9532
103336,0.423264,0.9526
103360,0.423363,0.9744
103384,0.423461,0.962
103407,0.423555,0.9745
103432,0.423657,0.9623
103456,0.423756,0.9605
103478,0.423846,0.9626
103501,0.42394,0.9716
103526,0.424042,0.962
103549,0.424137,0.9649
103573,0.424235,0.964
103597,0.424333,0.9747
103621,0.424432,0.9612
103645,0.42453,0.9602
103669,0.424628,0.9652
103692,0.424722,0.966
103715,0.424817,0.969
103739,0.424915,0.9506
103763,0.425013,0.9707
103787,0.425112,0.9639
103811,0.42521,0.9522
103834,0.425304,0.9573
103858,0.425402,0.9664
103881,0.425497,0.9637
103905,0.425595,0.9557
103928,0.425689,0.9478
103951,0.425783,0.9683
103975,0.425882,0.9571
103999,0.42598,0.9624
104022,0.426074,0.9755
104046,0.426172,0.9598
104070,0.426271,0.962
104094,0.426369,0.9582
104118,0.426467,0.9734
104142,0.426566,0.9564
104166,0.426664,0.959
104189,0.426758,0.9723
104213,0.426856,0.9733
104237,0.426955,0.9632
104261,0.427053,0.9723
104285,0.427151,0.9618
104309,0.42725,0.9795
104333,0.427348,0.9652
104356,0.427442,0.9693
104381,0.427545,0.9754
104403,0.427635,0.9831
104427,0.427733,0.9735
104450,0.427827,0.9583
104475,0.42793,0.9697
104498,0.428024,0.9525
104522,0.428122,0.965
104546,0.42822,0.9623
104569,0.428315,0.9711
104593,0.428413,0.9616
104617,0.428511,0.9631
104641,0.42861,0.9648
104664,0.428704,0.9635
104688,0.428802,0.9604
104712,0.4289,0.9733
104735,0.428995,0.9778
104759,0.429093,0.9791
104783,0.429191,0.9689
104807,0.429289,0.9672
104830,0.429384,0.973
104854,0.429482,0.9728
104877,0.429576,0.9611
104900,0.42967,0.9672
104924,0.429769,0.9677
104948,0.429867,0.9684
104973,0.429969,0.9695
104996,0.430064,0.9505
105020,0.430162,0.9664
105044,0.43026,0.951
105068,0.430359,0.9603
105092,0.430457,0.9613
105116,0.430555,0.9708
105139,0.430649,0.9675
105163,0.430748,0.9586
105187,0.430846,0.9615
105211,0.430944,0.9736
105234,0.431038,0.964
105257,0.431133,0.9752
105281,0.431231,0.9598
105305,0.431329,0.9719
105328,0.431423,0.9645
105352,0.431522,0.9744
105376,0.43162,0.9585
105400,0.431718,0.9621
105424,0.431817,0.9619
105448,0.431915,0.9773
105471,0.432009,0.9756
105495,0.432108,0.9539
105520,0.43221,0.9733
105543,0.432304,0.971
105567,0.432402,0.9631
105591,0.432501,0.9582
105614,0.432595,0.9718
105637,0.432689,0.9675
105661,0.432787,0.9783
105685,0.432886,0.9689
105709,0.432984,0.9663
105733,0.433082,0.9684
105756,0.433177,0.9629
105780,0.433275,0.9653
105804,0.433373,0.9566
105827,0.433467,0.9708
105850,0.433562,0.9708
105874,0.43366,0.9681
105898,0.433758,0.9658
105921,0.433852,0.9597
105945,0.433951,0.9746
105970,0.434053,0.9676
105993,0.434147,0.9599
106017,0.434246,0.9607
106041,0.434344,0.9678
106063,0.434434,0.9654
106087,0.434532,0.9724
106110,0.434627,0.9713
106134,0.434725,0.9637
106158,0.434823,0.9556
106183,0.434926,0.9709
106206,0.43502,0.9712
106230,0.435118,0.9632
106254,0.435216,0.973
106277,0.435311,0.9711
106300,0.435405,0.9623
106324,0.435503,0.9733
106348,0.435601,0.9661
106372,0.4357,0.975
106395,0.435794,0.9586
106419,0.435892,0.9734
106442,0.435986,0.9566
106466,0.436085,0.9586
106489,0.436179,0.9631
106512,0.436273,0.9574
106535,0.436367,0.9508
106560,0.43647,0.9614
106584,0.436568,0.9621
106607,0.436662,0.9701
106631,0.436761,0.9671
106654,0.436855,0.97
106678,0.436953,0.9751
106702,0.437051,0.9619
106726,0.43715,0.9668
106750,0.437248,0.9541
106773,0.437342,0.9714
106798,0.437445,0.9591
106820,0.437535,0.961
106843,0.437629,0.9726
106867,0.437727,0.9662
106891,0.437826,0.9684
106916,0.437928,0.9654
106939,0.438022,0.9658
106964,0.438125,0.9626
106987,0.438219,0.9611
107011,0.438317,0.9637
107035,0.438415,0.9682
107059,0.438514,0.9573
107084,0.438616,0.9676
107107,0.43871,0.965
107131,0.438809,0.9577
107154,0.438903,0.9698
107178,0.439001,0.9709
107203,0.439103,0.9562
107226,0.439198,0.9565
107250,0.439296,0.9744
107273,0.43939,0.9668
107297,0.439489,0.9696
107319,0.439579,0.9827
107344,0.439681,0.9603
107367,0.439775,0.9699
107389,0.439865,0.9737
107413,0.439964,0.9692
107436,0.440058,0.9602
107460,0.440156,0.958
107484,0.440254,0.9668
107507,0.440349,0.9608
107530,0.440443,0.9695
107554,0.440541,0.96
107577,0.440635,0.9707
107601,0.440734,0.9699
107625,0.440832,0.9708
107649,0.44093,0.9837
107672,0.441025,0.9666
107696,0.441123,0.9724
107719,0.441217,0.9683
107743,0.441315,0.9588
107767,0.441414,0.9589
107791,0.441512,0.9641
107815,0.44161,0.9624
107839,0.441709,0.9604
107863,0.441807,0.9649
107887,0.441905,0.9647
107910,0.441999,0.9681
107934,0.442098,0.9609
107957,0.442192,0.9643
107981,0.44229,0.9653
108005,0.442388,0.9565
108029,0.442487,0.9657
108052,0.442581,0.9695
108074,0.442671,0.954
108098,0.442769,0.9639
108121,0.442864,0.9779
108144,0.442958,0.9691
108168,0.443056,0.9702
108191,0.44315,0.9514
108214,0.443245,0.9562
108237,0.443339,0.9635
108260,0.443433,0.9646
108284,0.443531,0.968
108307,0.443625,0.9619
108332,0.443728,0.9632
108356,0.443826,0.9659
108380,0.443924,0.9637
108403,0.444019,0.9667
108426,0.444113,0.9543
108450,0.444211,0.9625
108474,0.44431,0.9721
108498,0.444408,0.9679
108522,0.444506,0.9703
108546,0.444604,0.9592
108570,0.444703,0.9674
108593,0.444797,0.9613
108617,0.444895,0.9648
108641,0.444994,0.9558
108665,0.445092,0.9668
108689,0.44519,0.9646
108712,0.445284,0.9704
108736,0.445383,0.9707
108759,0.445477,0.9644
108784,0.445579,0.9675
108806,0.445669,0.9689
108830,0.445768,0.9577
108853,0.445862,0.9573
108877,0.44596,0.9637
108900,0.446054,0.9757
108924,0.446153,0.9597
108947,0.446247,0.9573
108971,0.446345,0.9635
108994,0.446439,0.9702
109017,0.446534,0.9562
109041,0.446632,0.9604
109064,0.446726,0.953
109088,0.446824,0.9649
109112,0.446923,0.9702
109136,0.447021,0.9653
109159,0.447115,0.965
109182,0.447209,0.969
109206,0.447308,0.9661
109229,0.447402,0.979
109252,0.447496,0.9566
109276,0.447594,0.9559
109299,0.447689,0.9612
109324,0.447791,0.9588
109346,0.447881,0.9692
109368,0.447971,0.9629
109370,0.44798,0.9667
109394,0.448078,0.9637
109417,0.448172,0.965
109441,0.44827,0.9697
109465,0.448369,0.9707
109489,0.448467,0.962
109512,0.448561,0.9601
109536,0.448659,0.9714
109559,0.448754,0.9626
109583,0.448852,0.9772
109608,0.448954,0.9647
109632,0.449053,0.9681
109655,0.449147,0.9601
109678,0.449241,0.9689
109701,0.449335,0.9732
109725,0.449434,0.9766
109748,0.449528,0.9727
109772,0.449626,0.9621
109796,0.449724,0.9599
109819,0.449819,0.9616
109842,0.449913,0.9752
109865,0.450007,0.9627
109889,0.450105,0.9733
109911,0.450195,0.962
109935,0.450294,0.9628
109959,0.450392,0.9582
109984,0.450494,0.9656
110007,0.450589,0.963
110031,0.450687,0.9596
110055,0.450785,0.9575
110078,0.450879,0.9722
110102,0.450978,0.9683
110125,0.451072,0.9701
110149,0.45117,0.964
110173,0.451269,0.9668
110196,0.451363,0.9722
110220,0.451461,0.9629
110244,0.451559,0.9618
110267,0.451654,0.963
110291,0.451752,0.9662
110315,0.45185,0.9749
110339,0.451949,0.9702
110362,0.452043,0.9757
110386,0.452141,0.9588
110410,0.452239,0.9628
110433,0.452334,0.9629
110457,0.452432,0.9619
110480,0.452526,0.9652
110504,0.452624,0.98
110527,0.452719,0.9575
110551,0.452817,0.9632
110575,0.452915,0.9599
110599,0.453014,0.9643
110622,0.453108,0.9782
110644,0.453198,0.9635
110668,0.453296,0.9737
110692,0.453394,0.9627
110714,0.453485,0.9594
110738,0.453583,0.9647
110761,0.453677,0.9684
110784,0.453771,0.9641
110807,0.453865,0.977
110831,0.453964,0.9652
110855,0.454062,0.9656
110879,0.45416,0.9535
110902,0.454255,0.9677
110926,0.454353,0.9466
110950,0.454451,0.9622
110975,0.454554,0.9744
110999,0.454652,0.9572
111021,0.454742,0.9613
111046,0.454844,0.9644
111070,0.454943,0.9659
111094,0.455041,0.9649
111117,0.455135,0.9602
111139,0.455225,0.9613
111163,0.455324,0.9631
111187,0.455422,0.9672
111210,0.455516,0.9509
111234,0.455614,0.9643
111258,0.455713,0.9553
111281,0.455807,0.958
111305,0.455905,0.9742
111329,0.456004,0.9595
111353,0.456102,0.9592
111377,0.4562,0.9597
111400,0.456294,0.9674
111424,0.456393,0.9683
111449,0.456495,0.9656
111472,0.456589,0.9621
111496,0.456688,0.9662
111519,0.456782,0.9633
111543,0.45688,0.9683
111567,0.456978,0.9683
111591,0.457077,0.968
111615,0.457175,0.9581
111639,0.457273,0.9666
111662,0.457368,0.9636
111687,0.45747,0.9663
111709,0.45756,0.978
111733,0.457658,0.9663
111757,0.457757,0.973
111780,0.457851,0.9642
111803,0.457945,0.9581
111827,0.458043,0.9683
111851,0.458142,0.962
111875,0.45824,0.9618
111899,0.458338,0.9675
111923,0.458437,0.9591
111947,0.458535,0.9692
111971,0.458633,0.9623
111995,0.458732,0.9576
112019,0.45883,0.9579
112043,0.458928,0.9726
112066,0.459022,0.9658
112089,0.459117,0.9771
112113,0.459215,0.9689
112137,0.459313,0.9622
112161,0.459411,0.9469
112184,0.459506,0.9641
112207,0.4596,0.9531
112231,0.459698,0.9686
112255,0.459796,0.9671
112278,0.459891,0.9638
112301,0.459985,0.9667
112325,0.460083,0.96
112348,0.460177,0.9676
112372,0.460276,0.955
112395,0.46037,0.9652
112420,0.460472,0.9652
112444,0.460571,0.9634
112467,0.460665,0.9709
112491,0.460763,0.9617
112513,0.460853,0.9667
112537,0.460952,0.976
112561,0.46105,0.9674
112585,0.461148,0.9626
112609,0.461246,0.9687
112633,0.461345,0.9635
112657,0.461443,0.9638
112681,0.461541,0.9617
112705,0.46164,0.9622
112728,0.461734,0.9653
112752,0.461832,0.9768
112776,0.46193,0.9718
112800,0.462029,0.9673
112824,0.462127,0.9527
112849,0.46223,0.9665
112872,0.462324,0.9594
112895,0.462418,0.9671
112919,0.462516,0.9571
112942,0.46261,0.9591
112966,0.462709,0.9773
112990,0.462807,0.9714
113013,0.462901,0.9642
113037,0.463,0.9782
113060,0.463094,0.9563
113082,0.463184,0.9705
113107,0.463286,0.9611
113131,0.463385,0.9643
113154,0.463479,0.9625
113178,0.463577,0.9688
113202,0.463675,0.9572
113226,0.463774,0.9665
113248,0.463864,0.9574
113273,0.463966,0.9626
113297,0.464065,0.9547
113321,0.464163,0.9488
113344,0.464257,0.9653
113368,0.464355,0.9664
113391,0.46445,0.9643
113414,0.464544,0.9644
113438,0.464642,0.9595
113462,0.46474,0.9603
113485,0.464835,0.9668
113509,0.464933,0.961
113533,0.465031,0.9579
113556,0.465125,0.9671
113579,0.46522,0.9744
113603,0.465318,0.9743
113627,0.465416,0.9637
113651,0.465514,0.9658
113674,0.465609,0.959
113697,0.465703,0.956
113722,0.465805,0.9645
113746,0.465904,0.9728
113770,0.466002,0.9576
113794,0.4661,0.9572
113817,0.466194,0.9557
113841,0.466293,0.963
113865,0.466391,0.9649
113888,0.466485,0.9753
113912,0.466584,0.9668
113936,0.466682,0.977
113960,0.46678,0.9575
113984,0.466878,0.9688
114008,0.466977,0.9586
114032,0.467075,0.961
114056,0.467173,0.9666
114080,0.467272,0.9524
114104,0.46737,0.9589
114128,0.467468,0.9717
114152,0.467567,0.9651
114175,0.467661,0.9666
114199,0.467759,0.9696
114222,0.467853,0.9519
114246,0.467952,0.9654
114270,0.46805,0.9656
114293,0.468144,0.9621
114317,0.468242,0.9755
114340,0.468337,0.9588
114363,0.468431,0.9694
114387,0.468529,0.9641
114409,0.468619,0.9654
114432,0.468713,0.9637
114455,0.468808,0.969
114479,0.468906,0.9612
114503,0.469004,0.9544
114527,0.469103,0.9652
114551,0.469201,0.9674
114576,0.469303,0.9533
114600,0.469402,0.9605
114623,0.469496,0.9629
114646,0.46959,0.9707
114670,0.469688,0.9703
114694,0.469787,0.9629
114717,0.469881,0.9507
114741,0.469979,0.9615
114764,0.470073,0.9578
114788,0.470172,0.9663
114812,0.47027,0.9633
114836,0.470368,0.9618
114860,0.470467,0.9601
114883,0.470561,0.9591
114907,0.470659,0.97
114930,0.470753,0.9611
114954,0.470852,0.961
114977,0.470946,0.9707
115001,0.471044,0.965
115024,0.471138,0.9565
115048,0.471237,0.9619
115072,0.471335,0.9598
115095,0.471429,0.9674
115119,0.471527,0.9635
115142,0.471622,0.9803
115165,0.471716,0.9777
115188,0.47181,0.9653
115212,0.471908,0.9585
115236,0.472007,0.956
115259,0.472101,0.9684
115283,0.472199,0.9571
115307,0.472297,0.9537
115331,0.472396,0.9722
115354,0.47249,0.9633
115377,0.472584,0.9606
115400,0.472678,0.9565
115423,0.472773,0.9586
115447,0.472871,0.9628
115471,0.472969,0.9534
115495,0.473068,0.9647
115519,0.473166,0.9596
115541,0.473256,0.9591
115565,0.473354,0.965
115589,0.473453,0.9704
115613,0.473551,0.9719
115636,0.473645,0.9645
115661,0.473747,0.9697
115685,0.473846,0.9612
115709,0.473944,0.9648
115733,0.474042,0.9644
115757,0.474141,0.9575
115780,0.474235,0.9652
115804,0.474333,0.9726
115827,0.474427,0.9655
115850,0.474522,0.9642
115873,0.474616,0.9597
115896,0.47471,0.9516
115919,0.474804,0.9666
115943,0.474903,0.9537
115967,0.475001,0.9565
115990,0.475095,0.9678
116015,0.475197,0.9513
116039,0.475296,0.9583
116062,0.47539,0.9573
116085,0.475484,0.9533
116109,0.475582,0.9621
116132,0.475677,0.9505
116155,0.475771,0.9487
116178,0.475865,0.9586
116202,0.475963,0.9622
116225,0.476058,0.9547
116247,0.476148,0.9736
116271,0.476246,0.9693
116294,0.47634,0.9615
116318,0.476439,0.9659
116342,0.476537,0.961
116366,0.476635,0.9801
116390,0.476733,0.9641
116414,0.476832,0.9601
116437,0.476926,0.9687
116459,0.477016,0.9742
116483,0.477114,0.9701
116506,0.477209,0.959
116531,0.477311,0.9695
116555,0.477409,0.9542
116579,0.477508,0.9631
116602,0.477602,0.9661
116626,0.4777,0.9706
116650,0.477798,0.9726
116674,0.477897,0.9699
116698,0.477995,0.9773
116722,0.478093,0.9621
116745,0.478188,0.9671
116769,0.478286,0.9535
116793,0.478384,0.954
116816,0.478478,0.9807
116839,0.478573,0.9682
116863,0.478671,0.9551
116886,0.478765,0.9628
116910,0.478863,0.9731
116934,0.478962,0.9529
116957,0.479056,0.96
116981,0.479154,0.9698
117004,0.479248,0.965
117028,0.479347,0.9669
117051,0.479441,0.9562
117074,0.479535,0.9631
117098,0.479633,0.9613
117122,0.479732,0.9514
117146,0.47983,0.9612
117170,0.479928,0.9592
117180,0.479969,0.9695
117194,0.480027,0.9602
117217,0.480121,0.9591
117241,0.480219,0.9682
117264,0.480313,0.965
117288,0.480412,0.9629
117312,0.48051,0.9633
117336,0.480608,0.951
117360,0.480707,0.9609
117384,0.480805,0.9704
117409,0.480907,0.9677
117432,0.481001,0.9633
117456,0.4811,0.9615
117481,0.481202,0.9675
117504,0.481296,0.9637
117528,0.481395,0.9552
117550,0.481485,0.9719
117574,0.481583,0.9573
117598,0.481681,0.9673
117622,0.48178,0.967
117645,0.481874,0.9602
117668,0.481968,0.9738
117693,0.482071,0.9717
117716,0.482165,0.9674
117741,0.482267,0.9698
117764,0.482361,0.9597
117788,0.48246,0.9568
117813,0.482562,0.9549
117837,0.48266,0.9639
117860,0.482755,0.9615
117884,0.482853,0.9614
117908,0.482951,0.9628
117932,0.483049,0.9624
117956,0.483148,0.9646
117980,0.483246,0.9673
118004,0.483344,0.9603
118029,0.483447,0.9592
118051,0.483537,0.9719
118074,0.483631,0.9669
118098,0.483729,0.9604
118122,0.483828,0.9629
118145,0.483922,0.959
118169,0.48402,0.9567
118193,0.484119,0.9798
118216,0.484213,0.9607
118240,0.484311,0.968
118263,0.484405,0.9592
118286,0.484499,0.9625
118311,0.484602,0.9645
118334,0.484696,0.9575
118357,0.48479,0.9615
118380,0.484884,0.9695
118404,0.484983,0.9595
118427,0.485077,0.9628
118450,0.485171,0.9667
118472,0.485261,0.9602
118496,0.48536,0.954
118520,0.485458,0.9495
118544,0.485556,0.9594
118567,0.48565,0.9617
118590,0.485745,0.9554
118613,0.485839,0.9735
118636,0.485933,0.9596
118660,0.486031,0.9623
118682,0.486121,0.9663
118706,0.48622,0.967
118730,0.486318,0.9605
118753,0.486412,0.9664
118778,0.486515,0.9562
118802,0.486613,0.9661
118826,0.486711,0.9585
118850,0.48681,0.9671
118873,0.486904,0.9565
118896,0.486998,0.9563
118920,0.487096,0.9584
118944,0.487195,0.9586
118967,0.487289,0.958
118991,0.487387,0.9574
119015,0.487485,0.963
119039,0.487584,0.9582
119063,0.487682,0.9659
119086,0.487776,0.969
119109,0.48787,0.9744
119134,0.487973,0.9567
119157,0.488067,0.9568
119181,0.488165,0.967
119205,0.488264,0.9644
119229,0.488362,0.9599
119253,0.48846,0.9534
119276,0.488554,0.9601
119298,0.488645,0.9657
119322,0.488743,0.9626
119345,0.488837,0.9553
119368,0.488931,0.954
119392,0.48903,0.9663
119415,0.489124,0.9677
119439,0.489222,0.9671
119462,0.489316,0.9575
119486,0.489415,0.9624
119511,0.489517,0.9596
119534,0.489611,0.9573
119558,0.48971,0.9647
119581,0.489804,0.954
119605,0.489902,0.9646
119628,0.489996,0.972
119653,0.490099,0.9513
119676,0.490193,0.9583
119699,0.490287,0.9631
119722,0.490381,0.9564
119746,0.49048,0.9634
119771,0.490582,0.9607
119794,0.490676,0.9681
119817,0.49077,0.9599
119840,0.490865,0.9689
119864,0.490963,0.9561
119886,0.491053,0.9562
119910,0.491151,0.9667
119933,0.491246,0.9747
119957,0.491344,0.9642
119981,0.491442,0.9557
120005,0.49154,0.9614
120028,0.491635,0.9639
120051,0.491729,0.9543
120074,0.491823,0.9647
120097,0.491917,0.9567
120121,0.492016,0.9662
120144,0.49211,0.9593
120168,0.492208,0.9599
120192,0.492306,0.9572
120216,0.492405,0.962
120240,0.492503,0.9636
120264,0.492601,0.9697
120287,0.492696,0.9641
120309,0.492786,0.9575
120333,0.492884,0.9632
120356,0.492978,0.9594
120380,0.493076,0.9641
120402,0.493167,0.9656
120426,0.493265,0.9646
120450,0.493363,0.9626
120473,0.493457,0.9678
120498,0.49356,0.96
120521,0.493654,0.9607
120544,0.493748,0.9565
120567,0.493842,0.961
120591,0.493941,0.9768
120616,0.494043,0.9687
120639,0.494137,0.9503
120662,0.494232,0.956
120685,0.494326,0.9734
120708,0.49442,0.9692
120732,0.494518,0.9703
120756,0.494617,0.9616
120780,0.494715,0.9589
120804,0.494813,0.9614
120828,0.494911,0.9554
120851,0.495006,0.9581
120875,0.495104,0.9546
120899,0.495202,0.9672
120923,0.495301,0.9599
120947,0.495399,0.9704
120971,0.495497,0.9662
120995,0.495596,0.9537
121019,0.495694,0.9627
121042,0.495788,0.9657
121067,0.49589,0.9717
121090,0.495985,0.9616
121114,0.496083,0.9558
121138,0.496181,0.9561
121162,0.49628,0.9603
121186,0.496378,0.9627
121210,0.496476,0.9713
121233,0.49657,0.9649
121257,0.496669,0.9575
121281,0.496767,0.9718
121305,0.496865,0.9619
121329,0.496964,0.9607
121352,0.497058,0.9632
121375,0.497152,0.9638
121399,0.49725,0.9707
121423,0.497349,0.9654
121447,0.497447,0.9641
121470,0.497541,0.9666
121494,0.497639,0.9671
121517,0.497734,0.965
121540,0.497828,0.9545
121565,0.49793,0.9609
121588,0.498024,0.9565
121612,0.498123,0.9625
121636,0.498221,0.9576
121660,0.498319,0.9583
121685,0.498422,0.9574
121709,0.49852,0.9614
121732,0.498614,0.9679
121756,0.498713,0.9614
121779,0.498807,0.9681
121803,0.498905,0.9701
121826,0.498999,0.9602
121850,0.499098,0.9594
121874,0.499196,0.9587
121898,0.499294,0.9619
121921,0.499388,0.9569
121945,0.499487,0.9718
121969,0.499585,0.9563
121991,0.499675,0.9634
122015,0.499773,0.9663
122039,0.499872,0.9699
122063,0.49997,0.9619
122085,0.50006,0.9599
122109,0.500158,0.9687
122134,0.500261,0.9736
122157,0.500355,0.9647
122181,0.500453,0.9503
122204,0.500548,0.9638
122229,0.50065,0.9601
122252,0.500744,0.9664
122275,0.500838,0.9572
122299,0.500937,0.9624
122321,0.501027,0.9614
122344,0.501121,0.9692
122369,0.501223,0.9708
122391,0.501314,0.962
122415,0.501412,0.973
122439,0.50151,0.9583
122462,0.501604,0.9542
122485,0.501699,0.9666
122509,0.501797,0.9596
122533,0.501895,0.97
122557,0.501993,0.9536
122580,0.502088,0.9633
122603,0.502182,0.9561
122626,0.502276,0.9644
122649,0.50237,0.9621
122672,0.502465,0.9648
122696,0.502563,0.9586
122720,0.502661,0.9579
122744,0.502759,0.9642
122768,0.502858,0.9674
122792,0.502956,0.9616
122815,0.50305,0.9552
122839,0.503149,0.9673
122862,0.503243,0.9666
122885,0.503337,0.9635
122909,0.503435,0.9617
122932,0.503529,0.9465
122956,0.503628,0.9555
122980,0.503726,0.9641
123004,0.503824,0.9587
123028,0.503923,0.9717
123051,0.504017,0.9707
123076,0.504119,0.967
123100,0.504218,0.9556
123124,0.504316,0.9621
123147,0.50441,0.9619
123171,0.504508,0.9768
123195,0.504607,0.9521
123218,0.504701,0.9631
123242,0.504799,0.9553
123266,0.504898,0.9749
123289,0.504992,0.9523
123312,0.505086,0.9624
123335,0.50518,0.9606
123359,0.505278,0.9618
123382,0.505373,0.9656
123405,0.505467,0.9568
123429,0.505565,0.9446
123453,0.505663,0.9549
123477,0.505762,0.976
123501,0.50586,0.9482
123524,0.505954,0.9637
123548,0.506053,0.9558
123573,0.506155,0.96
123596,0.506249,0.9586
123620,0.506348,0.9538
123643,0.506442,0.9648
123668,0.506544,0.9504
123691,0.506638,0.9654
123715,0.506737,0.9616
123739,0.506835,0.9577
123763,0.506933,0.9699
123787,0.507032,0.9652
123811,0.50713,0.9539
123835,0.507228,0.9657
123860,0.507331,0.9566
123883,0.507425,0.9654
123905,0.507515,0.9529
123927,0.507605,0.963
123950,0.507699,0.9542
123973,0.507793,0.9616
123997,0.507892,0.9577
124021,0.50799,0.9531
124044,0.508084,0.9656
124068,0.508183,0.9554
124092,0.508281,0.9603
124117,0.508383,0.958
124140,0.508477,0.9655
124164,0.508576,0.9602
124188,0.508674,0.9562
124212,0.508772,0.9541
124237,0.508875,0.953
124261,0.508973,0.981
124284,0.509067,0.9587
124308,0.509166,0.9643
124332,0.509264,0.9619
124355,0.509358,0.9542
124380,0.50946,0.9736
124404,0.509559,0.9758
124427,0.509653,0.9656
124450,0.509747,0.9638
124474,0.509846,0.9594
124498,0.509944,0.9523
124522,0.510042,0.9509
124546,0.51014,0.9669
124570,0.510239,0.9518
124594,0.510337,0.9649
124617,0.510431,0.9799
124641,0.51053,0.9603
124665,0.510628,0.9579
124689,0.510726,0.9585
124712,0.51082,0.9874
124735,0.510915,0.9539
124759,0.511013,0.9646
124783,0.511111,0.9544
124806,0.511205,0.9547
124829,0.5113,0.9599
124853,0.511398,0.9585
124877,0.511496,0.947
124900,0.51159,0.9542
124924,0.511689,0.9678
124948,0.511787,0.9571
124972,0.511885,0.9629
124992,0.511967,0.962
124994,0.511975,0.9661
125018,0.512074,0.9607
125042,0.512172,0.9517
125065,0.512266,0.9654
125088,0.51236,0.9544
125111,0.512455,0.9527
125135,0.512553,0.9565
125158,0.512647,0.9627
125182,0.512745,0.9628
125205,0.51284,0.9673
125228,0.512934,0.9626
125252,0.513032,0.963
125275,0.513126,0.9636
125299,0.513225,0.9667
125322,0.513319,0.9569
125346,0.513417,0.966
125370,0.513516,0.9608
125393,0.51361,0.9537
125417,0.513708,0.9547
125441,0.513806,0.9581
125465,0.513905,0.9603
125489,0.514003,0.9647
125513,0.514101,0.96
125537,0.5142,0.9644
125560,0.514294,0.9596
125583,0.514388,0.9515
125607,0.514486,0.9619
125630,0.51458,0.9553
125654,0.514679,0.9621
125677,0.514773,0.9506
125700,0.514867,0.9669
125724,0.514966,0.9552
125748,0.515064,0.9593
125772,0.515162,0.9551
125796,0.51526,0.965
125820,0.515359,0.9607
125845,0.515461,0.9575
125867,0.515551,0.9559
125892,0.515654,0.9633
125915,0.515748,0.9623
125940,0.51585,0.9522
125964,0.515949,0.9596
125987,0.516043,0.9676
126011,0.516141,0.9581
126035,0.516239,0.9591
126059,0.516338,0.9618
126083,0.516436,0.9574
126107,0.516534,0.9622
126130,0.516628,0.9614
126154,0.516727,0.9555
126178,0.516825,0.9619
126201,0.516919,0.9585
126225,0.517018,0.977
126249,0.517116,0.9807
126272,0.51721,0.9621
126296,0.517308,0.9667
126320,0.517407,0.9628
126343,0.517501,0.9587
126367,0.517599,0.9733
126391,0.517698,0.9548
126414,0.517792,0.9573
126437,0.517886,0.9504
126461,0.517984,0.9424
126485,0.518083,0.9679
126508,0.518177,0.9661
126532,0.518275,0.9852
126555,0.518369,0.9706
126579,0.518468,0.9595
126602,0.518562,0.9566
126626,0.51866,0.9527
126649,0.518754,0.9603
126674,0.518857,0.9585
126698,0.518955,0.9688
126722,0.519053,0.9561
126744,0.519143,0.9609
126768,0.519242,0.9656
126792,0.51934,0.9578
126815,0.519434,0.9616
126839,0.519533,0.951
126862,0.519627,0.9664
126885,0.519721,0.9638
126909,0.519819,0.9649
126933,0.519918,0.9589
126956,0.520012,0.9693
126980,0.52011,0.9586
127004,0.520208,0.9652
127029,0.520311,0.9747
127052,0.520405,0.9697
127075,0.520499,0.9729
127100,0.520602,0.9548
127123,0.520696,0.956
127148,0.520798,0.96
127171,0.520892,0.9508
127195,0.520991,0.9483
127219,0.521089,0.9586
127242,0.521183,0.9634
127267,0.521286,0.9553
127291,0.521384,0.963
127315,0.521482,0.9717
127338,0.521576,0.9471
127362,0.521675,0.9494
127386,0.521773,0.9622
127410,0.521871,0.9627
127433,0.521966,0.9635
127457,0.522064,0.9582
127480,0.522158,0.9566
127504,0.522256,0.9713
127528,0.522355,0.9688
127552,0.522453,0.9588
127576,0.522551,0.9737
127600,0.52265,0.953
127622,0.52274,0.9524
127646,0.522838,0.959
127670,0.522936,0.96
127694,0.523035,0.9613
127718,0.523133,0.9563
127742,0.523231,0.9613
127766,0.52333,0.9514
127790,0.523428,0.9561
127813,0.523522,0.9623
127837,0.52362,0.9604
127861,0.523719,0.9517
127884,0.523813,0.9585
127908,0.523911,0.9599
127931,0.524005,0.959
127954,0.5241,0.958
127977,0.524194,0.9582
128002,0.524296,0.9569
128025,0.52439,0.9597
128049,0.524489,0.9695
128073,0.524587,0.9587
128097,0.524685,0.9683
128120,0.52478,0.9608
128144,0.524878,0.9578
128167,0.524972,0.9596
128191,0.52507,0.9565
128215,0.525169,0.9592
128239,0.525267,0.953
128263,0.525365,0.9611
128286,0.525459,0.9525
128311,0.525562,0.9707
128335,0.52566,0.9612
128358,0.525754,0.9591
128380,0.525844,0.9671
128404,0.525943,0.968
128427,0.526037,0.9581
128450,0.526131,0.9551
128472,0.526221,0.9583
128496,0.52632,0.9574
128520,0.526418,0.9657
128543,0.526512,0.9633
128567,0.52661,0.9612
128591,0.526709,0.9532
128615,0.526807,0.9611
128639,0.526905,0.959
128663,0.527004,0.9537
128687,0.527102,0.9531
128712,0.527204,0.9569
128735,0.527299,0.955
128758,0.527393,0.9595
128782,0.527491,0.9557
128805,0.527585,0.9604
128828,0.527679,0.954
128852,0.527778,0.968
128876,0.527876,0.9568
128900,0.527974,0.9535
128924,0.528073,0.9552
128947,0.528167,0.9681
128970,0.528261,0.9536
128995,0.528364,0.9518
129019,0.528462,0.9593
129043,0.52856,0.9571
129067,0.528658,0.9569
129090,0.528753,0.9602
129114,0.528851,0.9635
129138,0.528949,0.9549
129163,0.529052,0.9678
129186,0.529146,0.9532
129210,0.529244,0.9625
129234,0.529342,0.9541
129258,0.529441,0.9679
129282,0.529539,0.9633
129306,0.529637,0.9561
129330,0.529736,0.9588
129353,0.52983,0.96
129377,0.529928,0.9595
129400,0.530022,0.9594
129424,0.530121,0.9578
129448,0.530219,0.9593
129472,0.530317,0.9593
129495,0.530412,0.964
129519,0.53051,0.9525
129543,0.530608,0.9502
129567,0.530706,0.9528
129591,0.530805,0.9526
129615,0.530903,0.9659
129638,0.530997,0.9588
129661,0.531091,0.9811
129685,0.53119,0.9609
129709,0.531288,0.9506
129732,0.531382,0.9692
129755,0.531476,0.9629
129780,0.531579,0.9596
129804,0.531677,0.9658
129828,0.531775,0.948
129851,0.53187,0.9536
129875,0.531968,0.9677
129899,0.532066,0.9605
129923,0.532165,0.9543
129946,0.532259,0.9544
129970,0.532357,0.9574
129994,0.532455,0.956
130018,0.532554,0.9741
130042,0.532652,0.9643
130066,0.53275,0.9639
130090,0.532849,0.9619
130114,0.532947,0.9598
130138,0.533045,0.9599
130162,0.533144,0.9565
130185,0.533238,0.9509
130209,0.533336,0.9578
130232,0.53343,0.9608
130256,0.533529,0.9585
130279,0.533623,0.9571
130303,0.533721,0.9652
130326,0.533815,0.962
130350,0.533914,0.9577
130374,0.534012,0.9642
130398,0.53411,0.9608
130421,0.534204,0.9571
130445,0.534303,0.9633
130469,0.534401,0.9676
130492,0.534495,0.9719
130516,0.534594,0.9599
130538,0.534684,0.9692
130563,0.534786,0.965
130587,0.534884,0.9633
130611,0.534983,0.9613
130635,0.535081,0.9542
130658,0.535175,0.9602
130681,0.535269,0.9627
130705,0.535368,0.9576
130729,0.535466,0.9619
130753,0.535564,0.9642
130777,0.535663,0.9566
130801,0.535761,0.9579
130824,0.535855,0.9647
130847,0.535949,0.9616
130870,0.536044,0.9683
130894,0.536142,0.9648
130917,0.536236,0.9567
130939,0.536326,0.9742
130962,0.53642,0.9586
130986,0.536519,0.9591
131009,0.536613,0.9618
131032,0.536707,0.9695
131056,0.536805,0.9728
131079,0.5369,0.9658
131103,0.536998,0.9627
131127,0.537096,0.9586
131151,0.537194,0.9558
131174,0.537289,0.9652
131198,0.537387,0.965
131223,0.537489,0.9596
131247,0.537588,0.9513
131270,0.537682,0.9535
131294,0.53778,0.9641
131317,0.537874,0.9682
131341,0.537973,0.9656
131365,0.538071,0.9736
131388,0.538165,0.9681
131412,0.538264,0.9575
131435,0.538358,0.9655
131459,0.538456,0.9632
131483,0.538554,0.9558
131506,0.538649,0.9615
131529,0.538743,0.9612
131553,0.538841,0.9643
131576,0.538935,0.9571
131600,0.539034,0.9635
131623,0.539128,0.9692
131647,0.539226,0.9615
131671,0.539324,0.961
131694,0.539419,0.9551
131718,0.539517,0.9599
131742,0.539615,0.9636
131767,0.539718,0.9605
131790,0.539812,0.9568
131813,0.539906,0.9586
131836,0.54,0.964
131860,0.540099,0.9581
131882,0.540189,0.9693
131906,0.540287,0.9682
131930,0.540385,0.9636
131954,0.540484,0.9612
131978,0.540582,0.9528
132002,0.54068,0.9586
132025,0.540774,0.9526
132049,0.540873,0.9605
132072,0.540967,0.9542
132096,0.541065,0.9677
132120,0.541164,0.9504
132143,0.541258,0.9568
132167,0.541356,0.9529
132190,0.54145,0.9617
132214,0.541549,0.9597
132238,0.541647,0.9636
132261,0.541741,0.9693
132285,0.541839,0.9589
132309,0.541938,0.9637
132333,0.542036,0.9612
132357,0.542134,0.9589
132380,0.542228,0.9647
132404,0.542327,0.9641
132428,0.542425,0.9678
132452,0.542523,0.9695
132475,0.542618,0.9676
132499,0.542716,0.9657
132523,0.542814,0.9497
132545,0.542904,0.9501
132569,0.543003,0.9602
132593,0.543101,0.9598
132617,0.543199,0.956
132642,0.543302,0.9722
132666,0.5434,0.9571
132689,0.543494,0.9619
132713,0.543592,0.9479
132737,0.543691,0.9527
132760,0.543785,0.964
132785,0.543887,0.9527
132804,0.543965,0.9567
132808,0.543982,0.9571
132831,0.544076,0.9605
132855,0.544174,0.9506
132879,0.544272,0.9694
132903,0.544371,0.9484
132927,0.544469,0.9472
132951,0.544567,0.951
132974,0.544662,0.9549
132997,0.544756,0.9644
133021,0.544854,0.9632
133044,0.544948,0.95
133067,0.545042,0.9671
133090,0.545137,0.956
133114,0.545235,0.9525
133139,0.545337,0.9589
133163,0.545436,0.9612
133186,0.54553,0.9632
133210,0.545628,0.9557
133233,0.545722,0.9625
133257,0.545821,0.9668
133280,0.545915,0.9528
133304,0.546013,0.9515
133327,0.546107,0.96
133351,0.546206,0.966
133375,0.546304,0.9551
133399,0.546402,0.9606
133423,0.546501,0.9752
133446,0.546595,0.9641
133469,0.546689,0.9703
133493,0.546787,0.9648
133517,0.546886,0.9563
133540,0.54698,0.9633
133563,0.547074,0.9533
133587,0.547172,0.9568
133610,0.547267,0.9534
133634,0.547365,0.9626
133656,0.547455,0.95
133681,0.547557,0.9624
133703,0.547647,0.9577
133727,0.547746,0.9584
133751,0.547844,0.9662
133775,0.547942,0.9474
133798,0.548037,0.9525
133820,0.548127,0.971
133843,0.548221,0.969
133867,0.548319,0.9609
133890,0.548413,0.954
133914,0.548512,0.9624
133937,0.548606,0.9625
133960,0.5487,0.9631
133984,0.548798,0.9464
134008,0.548897,0.9492
134032,0.548995,0.9611
134056,0.549093,0.9607
134081,0.549196,0.9597
134104,0.54929,0.9559
134127,0.549384,0.9545
134151,0.549482,0.9528
134175,0.549581,0.9533
134198,0.549675,0.9494
134222,0.549773,0.9602
134246,0.549872,0.9691
134269,0.549966,0.9752
134293,0.550064,0.9619
134317,0.550162,0.95
134341,0.550261,0.9606
134365,0.550359,0.958
134387,0.550449,0.9578
134409,0.550539,0.961
134433,0.550638,0.9601
134457,0.550736,0.9575
134479,0.550826,0.9573
134503,0.550924,0.9593
134526,0.551018,0.9619
134550,0.551117,0.9554
134574,0.551215,0.9647
134597,0.551309,0.9622
134621,0.551408,0.9622
134644,0.551502,0.9635
134667,0.551596,0.9605
134690,0.55169,0.9501
134713,0.551784,0.9619
134736,0.551879,0.9604
134760,0.551977,0.9531
134784,0.552075,0.9583
134808,0.552174,0.9625
134831,0.552268,0.9729
134854,0.552362,0.951
134878,0.55246,0.9515
134902,0.552559,0.9628
134926,0.552657,0.9607
134950,0.552755,0.9508
134974,0.552854,0.9587
134998,0.552952,0.9542
135022,0.55305,0.9528
135045,0.553144,0.9502
135069,0.553243,0.9676
135092,0.553337,0.9684
135115,0.553431,0.9622
135139,0.553529,0.9553
135162,0.553624,0.9602
135185,0.553718,0.9596
135209,0.553816,0.9579
135233,0.553914,0.9515
135257,0.554013,0.958
135280,0.554107,0.9605
135303,0.554201,0.9592
135327,0.554299,0.9643
135351,0.554398,0.9601
135375,0.554496,0.9506
135399,0.554594,0.9505
135422,0.554689,0.9643
135444,0.554779,0.9599
135468,0.554877,0.9644
135492,0.554975,0.956
135514,0.555065,0.9654
135538,0.555164,0.9502
135560,0.555254,0.9586
135584,0.555352,0.9672
135608,0.55545,0.9635
135632,0.555549,0.9641
135655,0.555643,0.9636
135678,0.555737,0.9589
135702,0.555835,0.9556
135726,0.555934,0.9478
135749,0.556028,0.9496
135773,0.556126,0.9709
135797,0.556225,0.954
135821,0.556323,0.9501
135844,0.556417,0.9661
135869,0.556519,0.9566
135893,0.556618,0.9601
135916,0.556712,0.9674
135940,0.55681,0.9583
135964,0.556909,0.9598
135988,0.557007,0.9596
136012,0.557105,0.9596
136036,0.557203,0.9649
136059,0.557298,0.9552
136083,0.557396,0.9652
136107,0.557494,0.9679
136131,0.557593,0.9571
136154,0.557687,0.9532
136178,0.557785,0.956
136201,0.557879,0.9594
136225,0.557978,0.9551
136249,0.558076,0.9622
136273,0.558174,0.9565
136297,0.558273,0.9585
136321,0.558371,0.9508
136345,0.558469,0.9577
136369,0.558567,0.9571
136393,0.558666,0.971
136416,0.55876,0.9526
136440,0.558858,0.9569
136464,0.558957,0.9631
136487,0.559051,0.9517
136511,0.559149,0.9659
136534,0.559243,0.9599
136558,0.559342,0.9601
136582,0.55944,0.9513
136606,0.559538,0.9661
136630,0.559636,0.9654
136653,0.559731,0.9511
136677,0.559829,0.9516
136701,0.559927,0.9636
136725,0.560026,0.9522
136749,0.560124,0.9502
136773,0.560222,0.9517
136796,0.560316,0.9683
136820,0.560415,0.9575
136844,0.560513,0.9656
136867,0.560607,0.9633
136891,0.560706,0.9529
136915,0.560804,0.9742
136938,0.560898,0.9713
136962,0.560996,0.9596
136986,0.561095,0.9601
137010,0.561193,0.9533
137034,0.561291,0.9524
137056,0.561381,0.9527
137081,0.561484,0.9573
137104,0.561578,0.9516
137128,0.561676,0.9529
137152,0.561775,0.9473
137175,0.561869,0.958
137197,0.561959,0.9585
137221,0.562057,0.964
137244,0.562151,0.9568
137268,0.56225,0.9486
137292,0.562348,0.9662
137315,0.562442,0.9566
137339,0.562541,0.9529
137364,0.562643,0.954
137387,0.562737,0.9605
137411,0.562835,0.9594
137434,0.56293,0.9566
137457,0.563024,0.9516
137481,0.563122,0.9657
137504,0.563216,0.9654
137529,0.563319,0.9494
137552,0.563413,0.9565
137576,0.563511,0.9584
137600,0.56361,0.9536
137623,0.563704,0.9524
137647,0.563802,0.9619
137671,0.5639,0.9681
137695,0.563999,0.9586
137718,0.564093,0.9635
137742,0.564191,0.9598
137766,0.56429,0.9624
137790,0.564388,0.9556
137813,0.564482,0.9606
137836,0.564576,0.9653
137860,0.564675,0.9526
137883,0.564769,0.9672
137906,0.564863,0.9567
137930,0.564961,0.9489
137954,0.56506,0.9592
137978,0.565158,0.9598
138002,0.565256,0.9587
138026,0.565354,0.9577
138049,0.565449,0.9578
138073,0.565547,0.9487
138097,0.565645,0.9637
138121,0.565744,0.9556
138145,0.565842,0.9601
138169,0.56594,0.9531
138193,0.566039,0.9512
138217,0.566137,0.9584
138240,0.566231,0.9581
138265,0.566333,0.9626
138289,0.566432,0.9712
138312,0.566526,0.9576
138336,0.566624,0.9685
138360,0.566723,0.9447
138384,0.566821,0.9555
138408,0.566919,0.972
138432,0.567017,0.9679
138456,0.567116,0.9629
138479,0.56721,0.9703
138503,0.567308,0.9595
138527,0.567407,0.9765
138551,0.567505,0.9701
138575,0.567603,0.9593
138599,0.567702,0.9604
138624,0.567804,0.9564
138648,0.567902,0.9589
138671,0.567996,0.967
138695,0.568095,0.9539
138719,0.568193,0.9632
138742,0.568287,0.9651
138766,0.568386,0.9544
138790,0.568484,0.9589
138813,0.568578,0.9634
138838,0.56868,0.9524
138862,0.568779,0.965
138885,0.568873,0.9533
138909,0.568971,0.9592
138933,0.56907,0.9651
138957,0.569168,0.956
138981,0.569266,0.9675
139004,0.56936,0.9655
139028,0.569459,0.9528
139052,0.569557,0.9699
139075,0.569651,0.9622
139099,0.56975,0.9583
139124,0.569852,0.9693
139147,0.569946,0.9549
139171,0.570044,0.9524
139195,0.570143,0.9644
139219,0.570241,0.9593
139243,0.570339,0.9678
139267,0.570438,0.9595
139291,0.570536,0.9433
139315,0.570634,0.9656
139339,0.570733,0.9533
139364,0.570835,0.9636
139387,0.570929,0.9518
139411,0.571027,0.9604
139434,0.571122,0.9688
139458,0.57122,0.9563
139481,0.571314,0.9536
139505,0.571412,0.9561
139529,0.571511,0.9628
139554,0.571613,0.9533
139577,0.571707,0.9657
139601,0.571806,0.9662
139626,0.571908,0.958
139649,0.572002,0.9492
139673,0.572101,0.9619
139697,0.572199,0.9622
139720,0.572293,0.9544
139742,0.572383,0.9593
139767,0.572486,0.9575
139789,0.572576,0.9575
139813,0.572674,0.9592
139837,0.572772,0.9424
139860,0.572867,0.9549
139884,0.572965,0.9552
139908,0.573063,0.96
139932,0.573161,0.9527
139956,0.57326,0.9564
139980,0.573358,0.9604
140004,0.573456,0.9603
140027,0.573551,0.9412
140052,0.573653,0.9547
140075,0.573747,0.9571
140100,0.57385,0.9489
140124,0.573948,0.9618
140148,0.574046,0.9665
140171,0.57414,0.9606
140195,0.574239,0.9484
140219,0.574337,0.9526
140243,0.574435,0.9637
140268,0.574538,0.9533
140291,0.574632,0.9517
140315,0.57473,0.9598
140338,0.574824,0.9544
140362,0.574923,0.9596
140385,0.575017,0.9622
140408,0.575111,0.9735
140432,0.575209,0.9512
140456,0.575308,0.9568
140479,0.575402,0.967
140503,0.5755,0.9618
140526,0.575594,0.9631
140550,0.575693,0.9641
140574,0.575791,0.9591
140598,0.575889,0.9545
140616,0.575963,0.9602
140621,0.575984,0.9553
140645,0.576082,0.9597
140669,0.57618,0.9483
140692,0.576274,0.9542
140715,0.576369,0.9585
140738,0.576463,0.9455
140763,0.576565,0.9546
140787,0.576664,0.9583
140811,0.576762,0.9586
140834,0.576856,0.9675
140857,0.57695,0.9448
140880,0.577044,0.9543
140905,0.577147,0.9512
140928,0.577241,0.9515
140952,0.577339,0.9514
140977,0.577442,0.9645
141001,0.57754,0.9545
141025,0.577638,0.9662
141049,0.577737,0.9497
141073,0.577835,0.9649
141097,0.577933,0.9572
141121,0.578032,0.9522
141145,0.57813,0.9557
141168,0.578224,0.9533
141192,0.578322,0.9545
141217,0.578425,0.9529
141241,0.578523,0.9629
141264,0.578617,0.9629
141287,0.578712,0.9565
141311,0.57881,0.9588
141335,0.578908,0.9664
141358,0.579002,0.9595
141382,0.579101,0.9691
141405,0.579195,0.9478
141429,0.579293,0.9478
141452,0.579387,0.9613
141476,0.579486,0.9712
141499,0.57958,0.9584
141523,0.579678,0.9538
141546,0.579772,0.9559
141570,0.579871,0.9647
141594,0.579969,0.956
141617,0.580063,0.9647
141641,0.580162,0.9537
141665,0.58026,0.9544
141689,0.580358,0.9563
141713,0.580456,0.9681
141736,0.580551,0.9495
141760,0.580649,0.9521
141783,0.580743,0.9586
141807,0.580841,0.9542
141830,0.580936,0.9618
141852,0.581026,0.9615
141876,0.581124,0.9662
141899,0.581218,0.9605
141922,0.581313,0.9597
141946,0.581411,0.9675
141969,0.581505,0.9674
141993,0.581603,0.9622
142017,0.581702,0.9668
142041,0.5818,0.9589
142064,0.581894,0.9517
142088,0.581992,0.9667
142111,0.582087,0.9624
142135,0.582185,0.9499
142159,0.582283,0.9576
142182,0.582377,0.9511
142205,0.582472,0.9559
142228,0.582566,0.9561
142251,0.58266,0.9661
142274,0.582754,0.9621
142298,0.582853,0.9542
142321,0.582947,0.9632
142345,0.583045,0.9616
142369,0.583143,0.9598
142392,0.583238,0.9496
142416,0.583336,0.9613
142439,0.58343,0.96
142463,0.583528,0.9622
142487,0.583627,0.9701
142510,0.583721,0.9585
142533,0.583815,0.9554
142557,0.583913,0.9542
142581,0.584012,0.9554
142605,0.58411,0.9518
142629,0.584208,0.9587
142652,0.584303,0.9516
142676,0.584401,0.9606
142700,0.584499,0.9602
142724,0.584598,0.9546
142748,0.584696,0.95
142771,0.58479,0.9703
142795,0.584888,0.9554
142819,0.584987,0.9617
142843,0.585085,0.9628
142866,0.585179,0.9714
142889,0.585273,0.9614
142912,0.585368,0.9495
142936,0.585466,0.9526
142960,0.585564,0.9499
142983,0.585658,0.9503
143006,0.585753,0.9738
143031,0.585855,0.9621
143054,0.585949,0.959
143078,0.586047,0.9613
143102,0.586146,0.96
143126,0.586244,0.9516
143150,0.586342,0.9516
143175,0.586445,0.9646
143199,0.586543,0.9513
143222,0.586637,0.9506
143245,0.586732,0.9648
143269,0.58683,0.9479
143294,0.586932,0.9624
143317,0.587026,0.9654
143340,0.587121,0.9641
143364,0.587219,0.9516
143387,0.587313,0.9562
143411,0.587411,0.947
143435,0.58751,0.9711
143459,0.587608,0.9561
143482,0.587702,0.9578
143506,0.587801,0.9591
143529,0.587895,0.9466
143551,0.587985,0.9585
143574,0.588079,0.9696
143597,0.588173,0.9586
143622,0.588276,0.9489
143646,0.588374,0.9596
143670,0.588472,0.9691
143694,0.588571,0.9581
143718,0.588669,0.9552
143742,0.588767,0.9586
143766,0.588866,0.9518
143789,0.58896,0.962
143813,0.589058,0.9536
143837,0.589156,0.9507
143861,0.589255,0.9785
143885,0.589353,0.9527
143909,0.589451,0.9483
143933,0.58955,0.9585
143956,0.589644,0.9681
143981,0.589746,0.9595
144004,0.58984,0.9638
144028,0.589939,0.9698
144052,0.590037,0.9557
144076,0.590135,0.9606
144100,0.590234,0.9615
144124,0.590332,0.9564
144148,0.59043,0.9652
144172,0.590529,0.9505
144195,0.590623,0.9658
144218,0.590717,0.9605
144242,0.590815,0.956
144265,0.590909,0.9564
144289,0.591008,0.9547
144313,0.591106,0.9595
144337,0.591204,0.9593
144361,0.591303,0.9617
144385,0.591401,0.9589
144408,0.591495,0.961
144432,0.591593,0.9468
144455,0.591688,0.9583
144479,0.591786,0.95
144503,0.591884,0.9435
144527,0.591983,0.9468
144550,0.592077,0.95
144574,0.592175,0.961
144598,0.592273,0.9502
144622,0.592372,0.9535
144645,0.592466,0.958
144669,0.592564,0.9584
144693,0.592663,0.9541
144716,0.592757,0.9508
144740,0.592855,0.9612
144764,0.592953,0.9621
144787,0.593048,0.9623
144811,0.593146,0.957
144835,0.593244,0.9543
144858,0.593338,0.9571
144882,0.593437,0.9617
144906,0.593535,0.9615
144930,0.593633,0.9583
144953,0.593727,0.9659
144977,0.593826,0.9566
145001,0.593924,0.9525
145024,0.594018,0.9641
145048,0.594117,0.9491
145073,0.594219,0.9585
145097,0.594317,0.959
145121,0.594416,0.9607
145144,0.59451,0.952
145167,0.594604,0.964
145191,0.594702,0.9587
145214,0.594797,0.9539
145237,0.594891,0.9538
145261,0.594989,0.9698
145284,0.595083,0.9463
145309,0.595186,0.9647
145332,0.59528,0.9545
145356,0.595378,0.9642
145379,0.595472,0.9597
145403,0.595571,0.9528
145427,0.595669,0.966
145451,0.595767,0.9549
145475,0.595866,0.9617
145499,0.595964,0.9632
145522,0.596058,0.9624
145546,0.596156,0.9593
145570,0.596255,0.9605
145594,0.596353,0.9532
145618,0.596451,0.9501
145642,0.59655,0.9498
145666,0.596648,0.9611
145690,0.596746,0.9573
145714,0.596845,0.968
145737,0.596939,0.9603
145761,0.597037,0.953
145784,0.597131,0.9521
145808,0.59723,0.9636
145831,0.597324,0.9648
145856,0.597426,0.9551
145879,0.59752,0.964
145903,0.597619,0.9559
145926,0.597713,0.9552
145949,0.597807,0.9501
145973,0.597905,0.9657
145997,0.598004,0.9581
146021,0.598102,0.9522
146045,0.5982,0.9595
146068,0.598295,0.9645
146091,0.598389,0.9511
146114,0.598483,0.9577
146138,0.598581,0.9663
146161,0.598675,0.9513
146185,0.598774,0.9529
146208,0.598868,0.9713
146231,0.598962,0.9608
146254,0.599056,0.951
146278,0.599155,0.9484
146303,0.599257,0.9577
146327,0.599355,0.9563
146350,0.59945,0.9641
146374,0.599548,0.9537
146399,0.59965,0.9608
146423,0.599749,0.949
146446,0.599843,0.9513
146470,0.599941,0.9591
146493,0.600035,0.9575
146516,0.60013,0.9599
146540,0.600228,0.9582
146563,0.600322,0.9509
146587,0.60042,0.9544
146611,0.600519,0.9582
146634,0.600613,0.9601
146657,0.600707,0.9716
146681,0.600805,0.9565
146704,0.6009,0.9531
146728,0.600998,0.9568
146752,0.601096,0.959
146776,0.601194,0.9711
146799,0.601289,0.9627
146823,0.601387,0.9571
146847,0.601485,0.9587
146871,0.601584,0.9541
146895,0.601682,0.9462
146917,0.601772,0.9595
146939,0.601862,0.96
146962,0.601956,0.9605
146986,0.602055,0.9587
147010,0.602153,0.9588
147034,0.602251,0.9528
147056,0.602341,0.9595
147079,0.602436,0.9672
147103,0.602534,0.9623
147127,0.602632,0.9485
147150,0.602726,0.9572
147173,0.602821,0.9562
147198,0.602923,0.9482
147221,0.603017,0.9632
147245,0.603116,0.9553
147268,0.60321,0.955
147292,0.603308,0.9512
147315,0.603402,0.9641
147340,0.603505,0.9602
147363,0.603599,0.9574
147387,0.603697,0.9634
147411,0.603795,0.9473
147434,0.60389,0.9581
147458,0.603988,0.9598
147482,0.604086,0.9594
147506,0.604185,0.9483
147530,0.604283,0.959
147554,0.604381,0.95
147577,0.604475,0.9585
147601,0.604574,0.9522
147625,0.604672,0.9561
147648,0.604766,0.9438
147671,0.60486,0.9701
147695,0.604959,0.96
147719,0.605057,0.9602
147742,0.605151,0.9444
147766,0.60525,0.9554
147790,0.605348,0.9533
147814,0.605446,0.958
147838,0.605544,0.9575
147861,0.605639,0.9557
147885,0.605737,0.9566
147909,0.605835,0.9477
147933,0.605934,0.9583
147957,0.606032,0.9599
147980,0.606126,0.9451
148004,0.606224,0.9577
148029,0.606327,0.9483
148052,0.606421,0.9598
148076,0.606519,0.9565
148100,0.606618,0.9539
148123,0.606712,0.9585
148147,0.60681,0.9496
148171,0.606908,0.9655
148196,0.607011,0.9576
148219,0.607105,0.9548
148243,0.607203,0.9504
148266,0.607298,0.9571
148290,0.607396,0.968
148314,0.607494,0.9508
148336,0.607584,0.9555
148360,0.607683,0.9599
148383,0.607777,0.9645
148406,0.607871,0.9656
148428,0.607961,0.9558
148430,0.607969,0.9545
148453,0.608063,0.9583
148477,0.608162,0.9592
148501,0.60826,0.9589
148525,0.608358,0.9552
148548,0.608453,0.9631
148571,0.608547,0.96
148595,0.608645,0.9598
148619,0.608743,0.9598
148644,0.608846,0.9534
148668,0.608944,0.952
148692,0.609042,0.951
148716,0.609141,0.9566
148740,0.609239,0.9594
148764,0.609337,0.9574
148788,0.609436,0.9399
148812,0.609534,0.9544
148836,0.609632,0.959
148861,0.609735,0.9514
148884,0.609829,0.9668
148907,0.609923,0.9602
148931,0.610021,0.9647
148954,0.610116,0.9502
148977,0.61021,0.9556
149001,0.610308,0.9633
149025,0.610406,0.9584
149049,0.610505,0.9654
149072,0.610599,0.9591
149095,0.610693,0.9635
149119,0.610791,0.9501
149144,0.610894,0.9622
149167,0.610988,0.9595
149191,0.611086,0.9623
149214,0.611181,0.9467
149239,0.611283,0.9545
149262,0.611377,0.9428
149286,0.611475,0.9509
149310,0.611574,0.9674
149333,0.611668,0.9552
149356,0.611762,0.9568
149380,0.61186,0.9531
149404,0.611959,0.9614
149428,0.612057,0.9522
149452,0.612155,0.9678
149476,0.612254,0.9602
149500,0.612352,0.9559
149524,0.61245,0.9578
149547,0.612545,0.9632
149571,0.612643,0.9628
149594,0.612737,0.9605
149617,0.612831,0.9489
149641,0.61293,0.9491
149664,0.613024,0.96
149687,0.613118,0.9463
149710,0.613212,0.9452
149734,0.61331,0.9572
149758,0.613409,0.9512
149781,0.613503,0.9587
149804,0.613597,0.9603
149828,0.613695,0.9623
149852,0.613794,0.9503
149876,0.613892,0.9575
149901,0.613994,0.9491
149925,0.614093,0.9549
149949,0.614191,0.9649
149973,0.614289,0.9603
149997,0.614388,0.9579
150020,0.614482,0.9702
150044,0.61458,0.9546
150067,0.614674,0.9692
150091,0.614773,0.9614
150114,0.614867,0.9417
150138,0.614965,0.954
150162,0.615064,0.954
150186,0.615162,0.9511
150210,0.61526,0.9571
150234,0.615358,0.9715
150258,0.615457,0.9562
150282,0.615555,0.9466
150306,0.615653,0.9567
150330,0.615752,0.9528
150353,0.615846,0.9559
150376,0.61594,0.9676
150401,0.616042,0.9519
150425,0.616141,0.9521
150449,0.616239,0.9589
150472,0.616333,0.9516
150496,0.616432,0.9594
150520,0.61653,0.9583
150544,0.616628,0.9513
150568,0.616727,0.9537
150591,0.616821,0.9579
150615,0.616919,0.9611
150639,0.617017,0.9605
150662,0.617112,0.957
150687,0.617214,0.9576
150710,0.617308,0.9549
150734,0.617406,0.9673
150758,0.617505,0.9497
150783,0.617607,0.9676
150806,0.617701,0.9641
150829,0.617796,0.9567
150853,0.617894,0.956
150876,0.617988,0.9533
150900,0.618086,0.9587
150923,0.618181,0.957
150947,0.618279,0.9591
150971,0.618377,0.9602
150994,0.618471,0.9532
151018,0.61857,0.9513
151042,0.618668,0.9521
151065,0.618762,0.9507
151089,0.618861,0.9585
151113,0.618959,0.9553
151137,0.619057,0.9533
151162,0.61916,0.9598
151186,0.619258,0.9594
151210,0.619356,0.9503
151234,0.619454,0.9617
151257,0.619549,0.9573
151281,0.619647,0.9622
151305,0.619745,0.9593
151329,0.619844,0.9547
151352,0.619938,0.9581
151376,0.620036,0.9598
151400,0.620134,0.9543
151424,0.620233,0.9594
151447,0.620327,0.9496
151470,0.620421,0.963
151494,0.620519,0.9535
151517,0.620614,0.9674
151542,0.620716,0.9597
151566,0.620814,0.9561
151590,0.620913,0.9578
151613,0.621007,0.956
151637,0.621105,0.9612
151660,0.621199,0.9551
151683,0.621294,0.9559
151708,0.621396,0.9656
151732,0.621494,0.9581
151755,0.621588,0.952
151778,0.621683,0.9658
151801,0.621777,0.9459
151824,0.621871,0.9555
151848,0.621969,0.9544
151872,0.622068,0.9547
151896,0.622166,0.9621
151920,0.622264,0.9634
151944,0.622363,0.9545
151968,0.622461,0.9611
151991,0.622555,0.9577
152015,0.622653,0.9499
152038,0.622748,0.9595
152062,0.622846,0.9531
152086,0.622944,0.9547
152110,0.623043,0.9559
152133,0.623137,0.9655
152157,0.623235,0.9499
152181,0.623333,0.9475
152205,0.623432,0.9497
152228,0.623526,0.957
152252,0.623624,0.9535
152275,0.623718,0.9451
152299,0.623817,0.9533
152323,0.623915,0.9627
152347,0.624013,0.9656
152371,0.624112,0.941
152396,0.624214,0.9629
152419,0.624308,0.949
152444,0.624411,0.9615
152467,0.624505,0.9543
152490,0.624599,0.9604
152513,0.624693,0.9628
152537,0.624792,0.951
152561,0.62489,0.9623
152583,0.62498,0.9582
152607,0.625078,0.9616
152630,0.625172,0.959
152653,0.625267,0.9561
152677,0.625365,0.9508
152701,0.625463,0.9634
152725,0.625562,0.9582
152749,0.62566,0.953
152773,0.625758,0.9545
152797,0.625857,0.9518
152821,0.625955,0.9579
152844,0.626049,0.9575
152868,0.626147,0.9444
152891,0.626242,0.9574
152915,0.62634,0.9616
152937,0.62643,0.9653
152961,0.626528,0.9604
152985,0.626627,0.9611
153009,0.626725,0.9605
153034,0.626827,0.9542
153057,0.626921,0.9583
153081,0.62702,0.9645
153104,0.627114,0.9548
153128,0.627212,0.9598
153152,0.627311,0.9509
153176,0.627409,0.9564
153200,0.627507,0.9573
153223,0.627601,0.9549
153247,0.6277,0.9555
153271,0.627798,0.9614
153293,0.627888,0.9437
153316,0.627982,0.95
153340,0.628081,0.9597
153365,0.628183,0.9547
153388,0.628277,0.9602
153412,0.628376,0.9506
153435,0.62847,0.956
153458,0.628564,0.9555
153481,0.628658,0.9653
153505,0.628756,0.9491
153529,0.628855,0.9574
153552,0.628949,0.9583
153576,0.629047,0.9519
153599,0.629142,0.9538
153623,0.62924,0.9575
153646,0.629334,0.9561
153670,0.629432,0.9466
153694,0.629531,0.9551
153718,0.629629,0.9529
153740,0.629719,0.9568
153764,0.629817,0.9586
153787,0.629912,0.9481
153811,0.63001,0.9556
153834,0.630104,0.9737
153858,0.630202,0.9664
153882,0.630301,0.9456
153904,0.630391,0.9504
153928,0.630489,0.9458
153951,0.630583,0.9566
153975,0.630682,0.9546
153999,0.63078,0.9596
154022,0.630874,0.9539
154046,0.630972,0.9614
154070,0.631071,0.9568
154093,0.631165,0.9423
154117,0.631263,0.9544
154141,0.631362,0.9575
154165,0.63146,0.9549
154189,0.631558,0.9578
154213,0.631656,0.9594
154236,0.631751,0.9541
154260,0.631849,0.9545
154284,0.631947,0.9565
154308,0.632046,0.9545
154332,0.632144,0.957
154355,0.632238,0.9534
154379,0.632336,0.9535
154402,0.632431,0.9616
154425,0.632525,0.9553
154449,0.632623,0.9611
154472,0.632717,0.95
154495,0.632812,0.9561
154519,0.63291,0.9649
154543,0.633008,0.9557
154567,0.633106,0.9573
154592,0.633209,0.9571
154616,0.633307,0.9516
154639,0.633401,0.9592
154663,0.6335,0.962
154687,0.633598,0.9607
154711,0.633696,0.9483
154734,0.63379,0.9562
154758,0.633889,0.9355
154782,0.633987,0.9478
154806,0.634085,0.9506
154830,0.634184,0.9561
154853,0.634278,0.9575
154877,0.634376,0.9672
154901,0.634474,0.9511
154925,0.634573,0.9501
154950,0.634675,0.9565
154974,0.634774,0.9596
154997,0.634868,0.9555
155021,0.634966,0.947
155044,0.63506,0.9649
155068,0.635159,0.9575
155092,0.635257,0.9539
155116,0.635355,0.9523
155139,0.635449,0.9664
155163,0.635548,0.9605
155186,0.635642,0.9538
155210,0.63574,0.9513
155233,0.635834,0.9558
155257,0.635933,0.9472
155281,0.636031,0.9526
155304,0.636125,0.9578
155328,0.636223,0.9591
155352,0.636322,0.9566
155375,0.636416,0.955
155398,0.63651,0.9595
155421,0.636604,0.9527
155445,0.636703,0.9526
155469,0.636801,0.9488
155493,0.636899,0.9678
155517,0.636998,0.955
155540,0.637092,0.9609
155564,0.63719,0.958
155587,0.637284,0.9557
155612,0.637387,0.9568
155635,0.637481,0.9534
155659,0.637579,0.9536
155683,0.637678,0.9569
155705,0.637768,0.9593
155730,0.63787,0.9541
155752,0.63796,0.9636
155776,0.638058,0.9454
155799,0.638153,0.9677
155823,0.638251,0.9531
155847,0.638349,0.955
155871,0.638448,0.9482
155895,0.638546,0.9605
155918,0.63864,0.9476
155943,0.638743,0.9593
155967,0.638841,0.9466
155990,0.638935,0.9717
156014,0.639033,0.9577
156038,0.639132,0.9605
156062,0.63923,0.953
156086,0.639328,0.9613
156111,0.639431,0.9529
156134,0.639525,0.9627
156157,0.639619,0.9497
156181,0.639717,0.9617
156205,0.639816,0.963
156229,0.639914,0.9607
156240,0.639959,0.9545
156252,0.640008,0.9502
156275,0.640102,0.9521
156299,0.640201,0.9526
156323,0.640299,0.9534
156346,0.640393,0.9457
156370,0.640492,0.9628
156394,0.64059,0.9577
156418,0.640688,0.9585
156441,0.640782,0.9443
156464,0.640877,0.9451
156489,0.640979,0.9478
156513,0.641077,0.9497
156537,0.641176,0.951
156559,0.641266,0.9518
156582,0.64136,0.9518
156606,0.641458,0.9648
156631,0.641561,0.9554
156653,0.641651,0.9534
156677,0.641749,0.9744
156701,0.641847,0.9595
156725,0.641946,0.9509
156749,0.642044,0.951
156772,0.642138,0.9475
156796,0.642236,0.9751
156819,0.642331,0.9699
156843,0.642429,0.9572
156867,0.642527,0.9588
156891,0.642626,0.9578
156914,0.64272,0.9635
156938,0.642818,0.9624
156961,0.642912,0.9506
156983,0.643002,0.9552
157007,0.643101,0.9523
157031,0.643199,0.9503
157055,0.643297,0.9592
157078,0.643391,0.9506
157102,0.64349,0.9557
157126,0.643588,0.9612
157150,0.643686,0.9567
157172,0.643777,0.9587
157196,0.643875,0.9555
157220,0.643973,0.9488
157244,0.644071,0.9504
157267,0.644166,0.9686
157291,0.644264,0.9539
157314,0.644358,0.9536
157336,0.644448,0.9464
157360,0.644547,0.9561
157384,0.644645,0.9591
157407,0.644739,0.9652
157431,0.644837,0.9505
157455,0.644936,0.9562
157479,0.645034,0.945
157503,0.645132,0.9635
157527,0.645231,0.9556
157551,0.645329,0.9694
157575,0.645427,0.9589
157599,0.645526,0.9703
157623,0.645624,0.9635
157647,0.645722,0.9456
157671,0.64582,0.9582
157695,0.645919,0.96
157719,0.646017,0.9545
157742,0.646111,0.9563
157765,0.646205,0.9502
157789,0.646304,0.956
157813,0.646402,0.9451
157836,0.646496,0.9569
157860,0.646595,0.952
157883,0.646689,0.9491
157908,0.646791,0.9519
157932,0.646889,0.9573
157957,0.646992,0.9693
157980,0.647086,0.96
158004,0.647184,0.9474
158027,0.647279,0.9589
158051,0.647377,0.9627
158075,0.647475,0.9445
158098,0.647569,0.9499
158122,0.647668,0.96
158145,0.647762,0.9594
158168,0.647856,0.9449
158191,0.64795,0.963
158214,0.648045,0.9558
158238,0.648143,0.9497
158262,0.648241,0.9546
158286,0.648339,0.9484
158310,0.648438,0.9432
158334,0.648536,0.9535
158357,0.64863,0.9508
158381,0.648729,0.96
158404,0.648823,0.9545
158428,0.648921,0.9558
158451,0.649015,0.9628
158475,0.649114,0.9577
158499,0.649212,0.9492
158521,0.649302,0.958
158545,0.6494,0.9582
158569,0.649499,0.9547
158592,0.649593,0.9521
158615,0.649687,0.9633
158639,0.649785,0.9425
158663,0.649884,0.9497
158687,0.649982,0.9545
158710,0.650076,0.9508
158734,0.650174,0.9454
158758,0.650273,0.9503
158781,0.650367,0.9529
158804,0.650461,0.963
158828,0.650559,0.9607
158851,0.650654,0.9555
158874,0.650748,0.944
158898,0.650846,0.9533
158922,0.650945,0.9488
158946,0.651043,0.9535
158970,0.651141,0.9436
158992,0.651231,0.951
159016,0.65133,0.9513
159039,0.651424,0.9577
159062,0.651518,0.953
159086,0.651616,0.9593
159110,0.651715,0.961
159134,0.651813,0.9624
159158,0.651911,0.9502
159182,0.652009,0.9483
159206,0.652108,0.962
159230,0.652206,0.9593
159253,0.6523,0.9438
159278,0.652403,0.961
159302,0.652501,0.956
159326,0.652599,0.9598
159350,0.652698,0.9534
159373,0.652792,0.9541
159397,0.65289,0.9628
159421,0.652988,0.9606
159445,0.653087,0.9448
159469,0.653185,0.9479
159492,0.653279,0.9475
159516,0.653378,0.9521
159539,0.653472,0.9626
159563,0.65357,0.9565
159586,0.653664,0.9624
159610,0.653763,0.9596
159634,0.653861,0.9537
159657,0.653955,0.9463
159680,0.654049,0.954
159704,0.654148,0.9483
159727,0.654242,0.9539
159751,0.65434,0.9504
159775,0.654438,0.9554
159799,0.654537,0.956
159823,0.654635,0.9467
159847,0.654733,0.9538
159871,0.654832,0.9526
159894,0.654926,0.956
159918,0.655024,0.9542
159943,0.655127,0.9469
159966,0.655221,0.9522
159989,0.655315,0.9589
160013,0.655413,0.9539
160037,0.655512,0.9575
160060,0.655606,0.9506
160083,0.6557,0.9644
160108,0.655802,0.9638
160131,0.655897,0.968
160154,0.655991,0.9541
160177,0.656085,0.9645
160201,0.656183,0.9591
160224,0.656278,0.9568
160249,0.65638,0.9516
160272,0.656474,0.9574
160295,0.656568,0.9597
160319,0.656667,0.9532
160343,0.656765,0.9519
160367,0.656863,0.9575
160391,0.656962,0.9497
160415,0.65706,0.9672
160439,0.657158,0.9668
160463,0.657256,0.9547
160486,0.657351,0.9475
160510,0.657449,0.9586
160534,0.657547,0.9611
160558,0.657646,0.9534
160581,0.65774,0.9534
160606,0.657842,0.9669
160630,0.65794,0.9639
160654,0.658039,0.9525
160677,0.658133,0.956
160700,0.658227,0.9604
160723,0.658321,0.95
160746,0.658416,0.9534
160770,0.658514,0.9554
160794,0.658612,0.9583
160818,0.658711,0.9531
160842,0.658809,0.9476
160866,0.658907,0.9537
160889,0.659001,0.9597
160912,0.659096,0.9597
160936,0.659194,0.9516
160960,0.659292,0.9592
160984,0.65939,0.9532
161008,0.659489,0.9546
161031,0.659583,0.9534
161055,0.659681,0.956
161079,0.65978,0.947
161104,0.659882,0.9554
161127,0.659976,0.9779
161150,0.66007,0.9512
161175,0.660173,0.9506
161198,0.660267,0.9614
161222,0.660365,0.944
161246,0.660464,0.9537
161269,0.660558,0.9571
161293,0.660656,0.9467
161316,0.66075,0.9442
161340,0.660849,0.9498
161363,0.660943,0.9448
161386,0.661037,0.9574
161409,0.661131,0.9552
161434,0.661234,0.957
161457,0.661328,0.949
161481,0.661426,0.9605
161505,0.661524,0.9521
161528,0.661619,0.954
161552,0.661717,0.9577
161575,0.661811,0.9494
161598,0.661905,0.9665
161622,0.662004,0.9471
161645,0.662098,0.9619
161669,0.662196,0.9563
161693,0.662295,0.9538
161715,0.662385,0.9653
161738,0.662479,0.9493
161762,0.662577,0.9596
161786,0.662675,0.9526
161810,0.662774,0.9556
161833,0.662868,0.9631
161857,0.662966,0.9593
161880,0.66306,0.9544
161904,0.663159,0.9507
161928,0.663257,0.9547
161952,0.663355,0.9435
161976,0.663454,0.954
161999,0.663548,0.9504
162023,0.663646,0.9572
162046,0.66374,0.9567
162069,0.663835,0.9462
162093,0.663933,0.9498
162117,0.664031,0.9561
162140,0.664125,0.9543
162164,0.664224,0.9625
162188,0.664322,0.9445
162212,0.66442,0.9527
162235,0.664515,0.9645
162259,0.664613,0.9552
162283,0.664711,0.9651
162307,0.664809,0.9551
162330,0.664904,0.9552
162353,0.664998,0.9424
162377,0.665096,0.9563
162402,0.665199,0.9515
162425,0.665293,0.9504
162450,0.665395,0.9586
162473,0.665489,0.9599
162497,0.665588,0.9727
162520,0.665682,0.9546
162544,0.66578,0.9515
162567,0.665874,0.9663
162590,0.665969,0.9627
162613,0.666063,0.9468
162638,0.666165,0.956
162661,0.666259,0.9534
162684,0.666354,0.9656
162708,0.666452,0.9576
162731,0.666546,0.9483
162754,0.66664,0.9451
162778,0.666739,0.9562
162800,0.666829,0.9523
162825,0.666931,0.9608
162848,0.667025,0.9544
162872,0.667124,0.9577
162897,0.667226,0.9719
162920,0.66732,0.9684
162944,0.667419,0.9562
162968,0.667517,0.9525
162991,0.667611,0.9694
163014,0.667705,0.9529
163037,0.6678,0.9457
163061,0.667898,0.9459
163085,0.667996,0.9559
163109,0.668094,0.9605
163133,0.668193,0.9554
163157,0.668291,0.9637
163181,0.668389,0.9571
163205,0.668488,0.9492
163229,0.668586,0.9465
163252,0.66868,0.9524
163275,0.668774,0.9554
163299,0.668873,0.9607
163323,0.668971,0.9457
163347,0.669069,0.958
163371,0.669168,0.9536
163394,0.669262,0.9513
163417,0.669356,0.9592
163441,0.669454,0.9517
163465,0.669553,0.9491
163488,0.669647,0.9527
163512,0.669745,0.9568
163536,0.669843,0.9527
163559,0.669938,0.9484
163584,0.67004,0.9514
163607,0.670134,0.9625
163631,0.670233,0.9564
163654,0.670327,0.961
163678,0.670425,0.9505
163702,0.670523,0.9485
163725,0.670618,0.9529
163748,0.670712,0.9636
163771,0.670806,0.9452
163796,0.670908,0.9508
163820,0.671007,0.9459
163843,0.671101,0.963
163867,0.671199,0.9536
163890,0.671293,0.9625
163914,0.671392,0.9474
163937,0.671486,0.9476
163961,0.671584,0.9599
163985,0.671683,0.9548
164009,0.671781,0.9615
164033,0.671879,0.9503
164052,0.671957,0.9516
164057,0.671977,0.9477
164082,0.67208,0.9564
164105,0.672174,0.9547
164128,0.672268,0.9567
164152,0.672367,0.9563
164175,0.672461,0.9541
164200,0.672563,0.9652
164223,0.672657,0.9589
164246,0.672752,0.9527
164270,0.67285,0.9501
164294,0.672948,0.9527
164318,0.673047,0.9505
164341,0.673141,0.9582
164365,0.673239,0.9566
164389,0.673337,0.9546
164412,0.673432,0.9551
164435,0.673526,0.946
164458,0.67362,0.9501
164482,0.673718,0.9497
164506,0.673817,0.9375
164529,0.673911,0.967
164552,0.674005,0.9537
164576,0.674103,0.9606
164600,0.674202,0.9569
164624,0.6743,0.9496
164648,0.674398,0.961
164671,0.674492,0.9471
164695,0.674591,0.9486
164718,0.674685,0.9599
164742,0.674783,0.9544
164766,0.674882,0.9534
164789,0.674976,0.9597
164812,0.67507,0.9533
164836,0.675168,0.9632
164860,0.675267,0.9505
164883,0.675361,0.9445
164906,0.675455,0.9556
164929,0.675549,0.9513
164954,0.675652,0.9505
164978,0.67575,0.9519
165002,0.675848,0.9511
165026,0.675946,0.9498
165050,0.676045,0.9501
165073,0.676139,0.9558
165096,0.676233,0.964
165120,0.676332,0.9481
165143,0.676426,0.9474
165166,0.67652,0.9417
165189,0.676614,0.9515
165213,0.676712,0.9544
165237,0.676811,0.9581
165260,0.676905,0.9601
165284,0.677003,0.9577
165308,0.677102,0.9433
165332,0.6772,0.9651
165356,0.677298,0.9497
165379,0.677392,0.959
165403,0.677491,0.9546
165426,0.677585,0.9425
165450,0.677683,0.9595
165474,0.677782,0.9571
165497,0.677876,0.9538
165521,0.677974,0.9554
165544,0.678068,0.9563
165567,0.678162,0.9493
165592,0.678265,0.9525
165615,0.678359,0.9586
165639,0.678457,0.9596
165662,0.678552,0.9459
165686,0.67865,0.9525
165710,0.678748,0.9584
165733,0.678842,0.9469
165756,0.678937,0.9518
165780,0.679035,0.9457
165804,0.679133,0.9611
165828,0.679231,0.966
165851,0.679326,0.9502
165875,0.679424,0.9508
165898,0.679518,0.9583
165922,0.679617,0.9506
165947,0.679719,0.941
165970,0.679813,0.96
165993,0.679907,0.9544
166016,0.680002,0.948
166039,0.680096,0.9506
166062,0.68019,0.9483
166087,0.680292,0.9545
166110,0.680387,0.9516
166134,0.680485,0.9539
166158,0.680583,0.9493
166181,0.680677,0.9556
166205,0.680776,0.9618
166228,0.68087,0.9501
166252,0.680968,0.9588
166276,0.681066,0.9485
166300,0.681165,0.9599
166324,0.681263,0.956
166348,0.681361,0.961
166371,0.681456,0.9525
166395,0.681554,0.9551
166419,0.681652,0.959
166443,0.681751,0.9582
166466,0.681845,0.9647
166489,0.681939,0.9448
166513,0.682037,0.9503
166538,0.68214,0.9525
166562,0.682238,0.9543
166585,0.682332,0.9491
166608,0.682426,0.9489
166631,0.682521,0.9621
166655,0.682619,0.9459
166680,0.682721,0.9569
166703,0.682815,0.9579
166728,0.682918,0.9524
166751,0.683012,0.9487
166774,0.683106,0.9539
166798,0.683205,0.9536
166822,0.683303,0.9506
166846,0.683401,0.9535
166869,0.683495,0.9538
166893,0.683594,0.9524
166917,0.683692,0.954
166941,0.68379,0.9481
166964,0.683885,0.9566
166987,0.683979,0.9541
167011,0.684077,0.9483
167035,0.684175,0.9594
167058,0.68427,0.9467
167082,0.684368,0.9423
167106,0.684466,0.9484
167130,0.684564,0.9518
167154,0.684663,0.9605
167177,0.684757,0.9575
167202,0.684859,0.961
167225,0.684954,0.9439
167249,0.685052,0.9509
167273,0.68515,0.9464
167298,0.685253,0.95
167322,0.685351,0.9549
167346,0.685449,0.9539
167369,0.685543,0.9503
167393,0.685642,0.963
167417,0.68574,0.9537
167440,0.685834,0.9612
167464,0.685933,0.9519
167486,0.686023,0.9527
167509,0.686117,0.9618
167533,0.686215,0.9592
167557,0.686313,0.953
167580,0.686408,0.9618
167604,0.686506,0.962
167627,0.6866,0.9486
167651,0.686698,0.9454
167674,0.686793,0.941
167698,0.686891,0.951
167722,0.686989,0.9457
167746,0.687088,0.9415
167771,0.68719,0.9471
167795,0.687288,0.9587
167819,0.687387,0.9559
167843,0.687485,0.9569
167867,0.687583,0.9527
167890,0.687677,0.9503
167914,0.687776,0.9499
167936,0.687866,0.9444
167960,0.687964,0.9581
167984,0.688062,0.959
168008,0.688161,0.956
168032,0.688259,0.9489
168055,0.688353,0.9555
168079,0.688452,0.9513
168103,0.68855,0.9628
168127,0.688648,0.9487
168151,0.688746,0.9519
168175,0.688845,0.9503
168199,0.688943,0.968
168222,0.689037,0.9551
168246,0.689136,0.9614
168270,0.689234,0.9548
168294,0.689332,0.9462
168317,0.689426,0.9489
168341,0.689525,0.9705
168364,0.689619,0.9537
168388,0.689717,0.9681
168412,0.689816,0.9585
168436,0.689914,0.9523
168460,0.690012,0.9502
168483,0.690106,0.9449
168507,0.690205,0.9615
168531,0.690303,0.956
168554,0.690397,0.9732
168578,0.690495,0.9654
168602,0.690594,0.9476
168625,0.690688,0.9536
168649,0.690786,0.9553
168673,0.690885,0.9518
168697,0.690983,0.9638
168720,0.691077,0.9575
168744,0.691175,0.9538
168768,0.691274,0.946
168792,0.691372,0.9471
168816,0.69147,0.9597
168840,0.691569,0.9624
168864,0.691667,0.9432
168888,0.691765,0.9599
168910,0.691855,0.9552
168934,0.691954,0.9577
168958,0.692052,0.947
168982,0.69215,0.9544
169005,0.692244,0.9476
169029,0.692343,0.9476
169053,0.692441,0.9572
169076,0.692535,0.964
169101,0.692638,0.9514
169124,0.692732,0.964
169148,0.69283,0.9518
169172,0.692929,0.9494
169195,0.693023,0.9579
169218,0.693117,0.9503
169242,0.693215,0.9515
169266,0.693314,0.9525
169290,0.693412,0.9659
169314,0.69351,0.9572
169337,0.693604,0.9548
169362,0.693707,0.9418
169385,0.693801,0.946
169409,0.693899,0.9588
169433,0.693998,0.9662
169458,0.6941,0.9508
169482,0.694198,0.958
169506,0.694297,0.9584
169530,0.694395,0.9588
169554,0.694493,0.9472
169578,0.694591,0.9505
169601,0.694686,0.9539
169625,0.694784,0.9416
169649,0.694882,0.9603
169673,0.694981,0.9451
169697,0.695079,0.9541
169721,0.695177,0.95
169743,0.695267,0.9562
169767,0.695366,0.9501
169790,0.69546,0.9621
169813,0.695554,0.9568
169837,0.695652,0.9572
169861,0.695751,0.9443
169885,0.695849,0.9465
169909,0.695947,0.9691
169934,0.69605,0.9495
169957,0.696144,0.9469
169981,0.696242,0.9564
170005,0.69634,0.9545
170030,0.696443,0.9513
170053,0.696537,0.9527
170077,0.696635,0.9509
170100,0.69673,0.9445
170123,0.696824,0.9489
170148,0.696926,0.9449
170171,0.69702,0.9541
170195,0.697119,0.9493
170218,0.697213,0.9515
170241,0.697307,0.9527
170264,0.697401,0.9557
170288,0.6975,0.9548
170312,0.697598,0.9569
170336,0.697696,0.9451
170359,0.69779,0.9557
170383,0.697889,0.9524
170406,0.697983,0.9605
170429,0.698077,0.9497
170453,0.698175,0.9493
170476,0.69827,0.9488
170500,0.698368,0.9519
170523,0.698462,0.9601
170547,0.698561,0.9595
170571,0.698659,0.9607
170595,0.698757,0.9513
170619,0.698855,0.956
170642,0.69895,0.9537
170666,0.699048,0.9483
170689,0.699142,0.9489
170712,0.699236,0.9525
170736,0.699335,0.9492
170760,0.699433,0.9557
170783,0.699527,0.9528
170808,0.69963,0.9448
170830,0.69972,0.953
170854,0.699818,0.9479
170878,0.699916,0.9582
170902,0.700015,0.9607
170926,0.700113,0.9603
170949,0.700207,0.9442
170972,0.700301,0.9553
170996,0.7004,0.9458
171020,0.700498,0.9619
171043,0.700592,0.954
171067,0.70069,0.9567
171090,0.700785,0.9441
171114,0.700883,0.9572
171138,0.700981,0.953
171161,0.701075,0.9504
171186,0.701178,0.9649
171209,0.701272,0.9483
171233,0.70137,0.951
171257,0.701469,0.9543
171280,0.701563,0.9617
171304,0.701661,0.9608
171327,0.701755,0.9626
171351,0.701854,0.9513
171375,0.701952,0.9547
171399,0.70205,0.9572
171423,0.702149,0.9531
171447,0.702247,0.9639
171471,0.702345,0.9455
171495,0.702444,0.956
171518,0.702538,0.9596
171542,0.702636,0.9453
171565,0.70273,0.9496
171589,0.702829,0.9576
171613,0.702927,0.9548
171636,0.703021,0.9616
171660,0.703119,0.9509
171683,0.703214,0.9544
171706,0.703308,0.9518
171730,0.703406,0.9529
171753,0.7035,0.9556
171777,0.703599,0.9555
171800,0.703693,0.9506
171824,0.703791,0.9539
171848,0.703889,0.9533
171864,0.703955,0.9548
171871,0.703984,0.9523
171895,0.704082,0.9587
171920,0.704184,0.9589
171944,0.704283,0.9654
171968,0.704381,0.9542
171991,0.704475,0.9585
172015,0.704573,0.9585
172039,0.704672,0.9511
172063,0.70477,0.9506
172088,0.704872,0.9595
172111,0.704967,0.9556
172134,0.705061,0.9485
172158,0.705159,0.9569
172182,0.705257,0.9685
172206,0.705356,0.9653
172231,0.705458,0.9493
172255,0.705556,0.956
172277,0.705647,0.9524
172302,0.705749,0.9477
172326,0.705847,0.9492
172350,0.705946,0.9596
172374,0.706044,0.9565
172398,0.706142,0.94
172421,0.706236,0.9467
172445,0.706335,0.9612
172469,0.706433,0.9588
172493,0.706531,0.9485
172517,0.70663,0.9542
172541,0.706728,0.9526
172564,0.706822,0.9546
172588,0.70692,0.9467
172612,0.707019,0.9477
172636,0.707117,0.9578
172660,0.707215,0.9605
172683,0.70731,0.9501
172707,0.707408,0.9592
172729,0.707498,0.9448
172753,0.707596,0.9482
172777,0.707695,0.9521
172800,0.707789,0.9563
172824,0.707887,0.954
172847,0.707981,0.9571
172872,0.708084,0.9542
172895,0.708178,0.9566
172918,0.708272,0.9579
172941,0.708366,0.9478
172966,0.708469,0.9537
172989,0.708563,0.9571
173012,0.708657,0.9532
173036,0.708755,0.956
173060,0.708854,0.9399
173084,0.708952,0.9455
173108,0.70905,0.9556
173132,0.709149,0.9543
173155,0.709243,0.9417
173179,0.709341,0.9493
173203,0.709439,0.9489
173226,0.709534,0.9586
173250,0.709632,0.9454
173274,0.70973,0.9525
173298,0.709829,0.9528
173321,0.709923,0.9605
173345,0.710021,0.9539
173368,0.710115,0.9534
173391,0.71021,0.9561
173414,0.710304,0.9496
173438,0.710402,0.9586
173462,0.7105,0.9597
173485,0.710595,0.9567
173508,0.710689,0.9544
173531,0.710783,0.9605
173554,0.710877,0.9527
173577,0.710971,0.9535
173601,0.71107,0.9473
173624,0.711164,0.9471
173648,0.711262,0.9485
173671,0.711356,0.9685
173694,0.711451,0.957
173718,0.711549,0.9515
173742,0.711647,0.9492
173765,0.711741,0.9603
173789,0.71184,0.9512
173813,0.711938,0.9461
173837,0.712036,0.9485
173861,0.712135,0.9524
173884,0.712229,0.9463
173908,0.712327,0.9625
173932,0.712425,0.9536
173956,0.712524,0.9672
173980,0.712622,0.9605
174004,0.71272,0.9557
174028,0.712819,0.9561
174052,0.712917,0.9468
174077,0.713019,0.9551
174101,0.713118,0.9576
174125,0.713216,0.9425
174149,0.713314,0.9451
174173,0.713413,0.965
174196,0.713507,0.9445
174220,0.713605,0.9571
174244,0.713703,0.9584
174268,0.713802,0.9557
174291,0.713896,0.9599
174315,0.713994,0.9531
174338,0.714088,0.9566
174362,0.714187,0.9498
174385,0.714281,0.9503
174408,0.714375,0.9525
174433,0.714478,0.9507
174456,0.714572,0.9461
174479,0.714666,0.9601
174503,0.714764,0.9575
174526,0.714858,0.9434
174550,0.714957,0.9655
174574,0.715055,0.9521
174598,0.715153,0.9488
174622,0.715252,0.9484
174646,0.71535,0.9535
174669,0.715444,0.9559
174693,0.715543,0.9526
174717,0.715641,0.952
174740,0.715735,0.9517
174764,0.715833,0.9447
174788,0.715932,0.9476
174812,0.71603,0.9428
174836,0.716128,0.9478
174859,0.716222,0.9487
174882,0.716317,0.948
174906,0.716415,0.963
174928,0.716505,0.9563
174952,0.716603,0.9658
174975,0.716698,0.9527
174999,0.716796,0.9489
175022,0.71689,0.9467
175045,0.716984,0.9511
175068,0.717079,0.9554
175092,0.717177,0.9483
175116,0.717275,0.9494
175140,0.717373,0.9466
175164,0.717472,0.9599
175188,0.71757,0.9518
175212,0.717668,0.9589
175235,0.717763,0.9604
175259,0.717861,0.9547
175282,0.717955,0.9572
175306,0.718053,0.9484
175330,0.718152,0.9514
175354,0.71825,0.945
175377,0.718344,0.9577
175400,0.718438,0.9562
175423,0.718533,0.954
175447,0.718631,0.9468
175470,0.718725,0.9565
175494,0.718823,0.9531
175517,0.718918,0.9613
175541,0.719016,0.955
175566,0.719118,0.9558
175588,0.719208,0.958
175612,0.719307,0.9508
175637,0.719409,0.9525
175660,0.719503,0.9541
175684,0.719602,0.9498
175708,0.7197,0.9512
175731,0.719794,0.9489
175756,0.719897,0.9713
175780,0.719995,0.958
175804,0.720093,0.9668
175827,0.720187,0.9463
175851,0.720286,0.947
175875,0.720384,0.9566
175899,0.720482,0.9503
175922,0.720577,0.9535
175946,0.720675,0.9648
175969,0.720769,0.9412
175993,0.720867,0.9424
176016,0.720962,0.9639
176039,0.721056,0.9622
176063,0.721154,0.943
176087,0.721252,0.9582
176111,0.721351,0.9602
176135,0.721449,0.9605
176158,0.721543,0.9556
176182,0.721641,0.9487
176205,0.721736,0.9578
176229,0.721834,0.9446
176252,0.721928,0.9551
176276,0.722026,0.9449
176300,0.722125,0.9591
176325,0.722227,0.9533
176348,0.722321,0.9438
176372,0.72242,0.9571
176396,0.722518,0.9514
176419,0.722612,0.9525
176443,0.722711,0.9502
176466,0.722805,0.9559
176490,0.722903,0.9493
176514,0.723001,0.9607
176538,0.7231,0.9529
176562,0.723198,0.9613
176585,0.723292,0.9488
176609,0.72339,0.9563
176633,0.723489,0.9532
176656,0.723583,0.9709
176680,0.723681,0.9517
176703,0.723775,0.9353
176727,0.723874,0.9488
176751,0.723972,0.9583
176774,0.724066,0.9545
176798,0.724165,0.9462
176822,0.724263,0.9606
176845,0.724357,0.9547
176869,0.724455,0.9581
176892,0.72455,0.9524
176915,0.724644,0.9561
176938,0.724738,0.9451
176962,0.724836,0.9468
176986,0.724935,0.9576
177010,0.725033,0.9606
177034,0.725131,0.9498
177056,0.725221,0.9516
177080,0.72532,0.9481
177104,0.725418,0.949
177128,0.725516,0.9581
177152,0.725615,0.9497
177176,0.725713,0.9563
177200,0.725811,0.9542
177224,0.72591,0.9591
177248,0.726008,0.9543
177272,0.726106,0.952
177295,0.7262,0.9578
177318,0.726295,0.9576
177342,0.726393,0.9668
177366,0.726491,0.9463
177390,0.726589,0.959
177414,0.726688,0.9487
177438,0.726786,0.9542
177461,0.72688,0.9517
177485,0.726979,0.9631
177508,0.727073,0.9443
177532,0.727171,0.9511
177557,0.727273,0.9524
177579,0.727364,0.949
177603,0.727462,0.9405
177626,0.727556,0.9534
177650,0.727654,0.9579
177674,0.727753,0.9575
177698,0.727851,0.9484
177722,0.727949,0.9437
177746,0.728048,0.9485
177769,0.728142,0.9481
177793,0.72824,0.9602
177817,0.728338,0.9527
177841,0.728437,0.9584
177865,0.728535,0.9601
177887,0.728625,0.9546
177911,0.728723,0.9544
177934,0.728818,0.9508
177958,0.728916,0.9482
177981,0.72901,0.945
178005,0.729108,0.9599
178028,0.729203,0.9497
178052,0.729301,0.9495
178076,0.729399,0.9432
178099,0.729494,0.9489
178123,0.729592,0.9559
178146,0.729686,0.9559
178169,0.72978,0.9595
178193,0.729879,0.9559
178218,0.729981,0.9508
178241,0.730075,0.9561
178265,0.730173,0.9523
178288,0.730268,0.9529
178312,0.730366,0.9633
178336,0.730464,0.9563
178360,0.730563,0.9548
178384,0.730661,0.9398
178407,0.730755,0.9529
178430,0.730849,0.9659
178455,0.730952,0.9559
178479,0.73105,0.9489
178502,0.731144,0.9545
178525,0.731238,0.9525
178549,0.731337,0.9501
178573,0.731435,0.9538
178597,0.731533,0.9513
178621,0.731632,0.9498
178644,0.731726,0.954
178669,0.731828,0.9529
178692,0.731922,0.9582
178716,0.732021,0.9528
178739,0.732115,0.9596
178763,0.732213,0.9493
178787,0.732312,0.9585
178809,0.732402,0.9612
178833,0.7325,0.9453
178857,0.732598,0.9544
178880,0.732692,0.9564
178904,0.732791,0.9471
178928,0.732889,0.9598
178952,0.732987,0.9615
178976,0.733086,0.9531
179000,0.733184,0.9568
179024,0.733282,0.9419
179048,0.733381,0.9517
179071,0.733475,0.9457
179095,0.733573,0.9565
179119,0.733671,0.9547
179143,0.73377,0.9541
179167,0.733868,0.9485
179191,0.733966,0.9544
179215,0.734065,0.9456
179239,0.734163,0.943
179262,0.734257,0.952
179286,0.734355,0.9644
179310,0.734454,0.9461
179334,0.734552,0.9498
179357,0.734646,0.9508
179381,0.734745,0.9474
179405,0.734843,0.9512
179428,0.734937,0.9701
179452,0.735035,0.9421
179476,0.735134,0.9521
179500,0.735232,0.9584
179524,0.73533,0.951
179548,0.735429,0.9529
179572,0.735527,0.9449
179596,0.735625,0.9554
179620,0.735724,0.9639
179644,0.735822,0.9503
179668,0.73592,0.9589
179676,0.735953,0.9518
179692,0.736018,0.9504
179716,0.736117,0.9406
179740,0.736215,0.9553
179763,0.736309,0.9388
179787,0.736408,0.9408
179811,0.736506,0.9513
179835,0.736604,0.9535
179859,0.736702,0.9541
179884,0.736805,0.9538
179907,0.736899,0.9548
179931,0.736997,0.9504
179956,0.7371,0.9512
179979,0.737194,0.9526
180004,0.737296,0.9464
180028,0.737395,0.9429
180051,0.737489,0.9563
180074,0.737583,0.9542
180097,0.737677,0.9506
180121,0.737776,0.9461
180144,0.73787,0.9505
180168,0.737968,0.9564
180192,0.738066,0.9703
180216,0.738165,0.9475
180239,0.738259,0.9573
180263,0.738357,0.9438
180286,0.738451,0.9463
180309,0.738546,0.9519
180332,0.73864,0.9521
180356,0.738738,0.9555
180379,0.738832,0.9503
180402,0.738927,0.9562
180425,0.739021,0.9528
180449,0.739119,0.9458
180472,0.739213,0.9659
180496,0.739312,0.9498
180520,0.73941,0.9453
180543,0.739504,0.9519
180566,0.739598,0.9477
180590,0.739697,0.9585
180614,0.739795,0.9401
180638,0.739893,0.9474
180662,0.739992,0.9617
180685,0.740086,0.9566
180708,0.74018,0.9652
180731,0.740274,0.9434
180755,0.740372,0.9552
180780,0.740475,0.9444
180803,0.740569,0.9475
180826,0.740663,0.9531
180849,0.740758,0.9564
180873,0.740856,0.9588
180897,0.740954,0.9386
180921,0.741052,0.9463
180944,0.741147,0.9652
180967,0.741241,0.9501
180991,0.741339,0.9463
181014,0.741433,0.9536
181038,0.741532,0.9516
181061,0.741626,0.9535
181085,0.741724,0.9673
181109,0.741822,0.9501
181133,0.741921,0.9617
181156,0.742015,0.9465
181181,0.742117,0.9488
181204,0.742212,0.9515
181226,0.742302,0.9431
181251,0.742404,0.95
181273,0.742494,0.9544
181297,0.742593,0.9507
181320,0.742687,0.9513
181344,0.742785,0.9499
181368,0.742883,0.9612
181391,0.742978,0.9557
181415,0.743076,0.9448
181438,0.74317,0.9547
181462,0.743268,0.9523
181485,0.743363,0.9493
181509,0.743461,0.9466
181533,0.743559,0.9448
181556,0.743653,0.9527
181579,0.743748,0.9609
181603,0.743846,0.9718
181627,0.743944,0.9449
181650,0.744038,0.9444
181674,0.744137,0.9554
181697,0.744231,0.9569
181721,0.744329,0.9576
181745,0.744428,0.95
181769,0.744526,0.9517
181794,0.744628,0.9549
181818,0.744727,0.9566
181842,0.744825,0.9516
181866,0.744923,0.9537
181890,0.745021,0.9415
181914,0.74512,0.9622
181937,0.745214,0.9583
181960,0.745308,0.9423
181984,0.745406,0.9475
182007,0.745501,0.9586
182032,0.745603,0.9543
182056,0.745701,0.9561
182080,0.7458,0.9559
182104,0.745898,0.9554
182127,0.745992,0.9555
182151,0.74609,0.9456
182175,0.746189,0.9509
182198,0.746283,0.9508
182221,0.746377,0.9462
182244,0.746471,0.9566
182268,0.74657,0.9585
182291,0.746664,0.9497
182315,0.746762,0.9595
182339,0.746861,0.9509
182363,0.746959,0.9511
182388,0.747061,0.9506
182411,0.747155,0.9494
182435,0.747254,0.9471
182459,0.747352,0.9541
182483,0.74745,0.9594
182507,0.747549,0.9483
182531,0.747647,0.9525
182555,0.747745,0.95
182578,0.747839,0.9534
182602,0.747938,0.9545
182625,0.748032,0.9537
182649,0.74813,0.9453
182672,0.748225,0.9537
182696,0.748323,0.9522
182720,0.748421,0.9685
182743,0.748515,0.951
182766,0.74861,0.9467
182790,0.748708,0.951
182814,0.748806,0.9503
182837,0.7489,0.9554
182861,0.748999,0.9514
182885,0.749097,0.9532
182907,0.749187,0.9487
182931,0.749285,0.9497
182954,0.74938,0.9538
182979,0.749482,0.9562
183002,0.749576,0.9434
183026,0.749674,0.9405
183049,0.749769,0.9504
183074,0.749871,0.9471
183098,0.749969,0.9535
183121,0.750064,0.95
183144,0.750158,0.9569
183167,0.750252,0.9516
183192,0.750354,0.9483
183216,0.750453,0.9413
183240,0.750551,0.9538
183264,0.750649,0.955
183288,0.750748,0.9487
183312,0.750846,0.947
183336,0.750944,0.9466
183359,0.751038,0.9525
183383,0.751137,0.9548
183407,0.751235,0.9477
183431,0.751333,0.9415
183455,0.751432,0.942
183479,0.75153,0.9611
183503,0.751628,0.9552
183527,0.751727,0.9442
183551,0.751825,0.9496
183575,0.751923,0.9505
183598,0.752017,0.9633
183623,0.75212,0.9426
183647,0.752218,0.9455
183671,0.752316,0.9476
183694,0.752411,0.9461
183718,0.752509,0.9507
183742,0.752607,0.9598
183764,0.752697,0.9571
183788,0.752796,0.9619
183812,0.752894,0.9566
183835,0.752988,0.9371
183859,0.753086,0.9482
183882,0.753181,0.9523
183906,0.753279,0.957
183930,0.753377,0.9491
183954,0.753476,0.9619
183978,0.753574,0.9568
184001,0.753668,0.9441
184025,0.753766,0.9556
184048,0.753861,0.9517
184072,0.753959,0.9557
184095,0.754053,0.9598
184118,0.754147,0.9483
184143,0.75425,0.9626
184166,0.754344,0.9559
184190,0.754442,0.9556
184214,0.754541,0.9441
184237,0.754635,0.9595
184260,0.754729,0.9483
184283,0.754823,0.9521
184307,0.754921,0.9548
184330,0.755016,0.9554
184354,0.755114,0.9475
184378,0.755212,0.9546
184401,0.755306,0.9484
184426,0.755409,0.9387
184449,0.755503,0.9572
184472,0.755597,0.9502
184496,0.755696,0.9633
184519,0.75579,0.9593
184544,0.755892,0.9582
184568,0.755991,0.9494
184591,0.756085,0.9459
184615,0.756183,0.9423
184638,0.756277,0.9529
184662,0.756376,0.941
184686,0.756474,0.9433
184710,0.756572,0.9561
184733,0.756666,0.9513
184757,0.756765,0.9495
184780,0.756859,0.9537
184805,0.756961,0.9497
184828,0.757055,0.9476
184853,0.757158,0.9661
184877,0.757256,0.9428
184900,0.75735,0.9481
184923,0.757445,0.9519
184947,0.757543,0.9426
184971,0.757641,0.9596
184995,0.75774,0.9298
185019,0.757838,0.9545
185043,0.757936,0.9467
185067,0.758034,0.9454
185090,0.758129,0.9745
185114,0.758227,0.9536
185138,0.758325,0.9475
185162,0.758424,0.947
185186,0.758522,0.9631
185211,0.758624,0.9506
185234,0.758718,0.9471
185258,0.758817,0.948
185282,0.758915,0.9614
185305,0.759009,0.9495
185330,0.759112,0.9595
185353,0.759206,0.9582
185377,0.759304,0.9565
185402,0.759407,0.9454
185426,0.759505,0.9559
185450,0.759603,0.9704
185474,0.759702,0.9566
185498,0.7598,0.9621
185521,0.759894,0.9596
185544,0.759988,0.9614
185568,0.760087,0.9471
185592,0.760185,0.962
185615,0.760279,0.958
185640,0.760381,0.9485
185663,0.760476,0.9388
185686,0.76057,0.9515
185710,0.760668,0.9512
185733,0.760762,0.949
185758,0.760865,0.9572
185781,0.760959,0.9482
185805,0.761057,0.9554
185829,0.761156,0.9592
185853,0.761254,0.9564
185877,0.761352,0.9485
185901,0.76145,0.9455
185925,0.761549,0.9538
185949,0.761647,0.9514
185973,0.761745,0.9406
185997,0.761844,0.9459
186021,0.761942,0.9487
186045,0.76204,0.9447
186069,0.762139,0.9425
186093,0.762237,0.9495
186115,0.762327,0.9532
186139,0.762425,0.9547
186163,0.762524,0.949
186186,0.762618,0.9494
186210,0.762716,0.9506
186234,0.762814,0.9507
186258,0.762913,0.9506
186282,0.763011,0.9481
186306,0.763109,0.9556
186330,0.763208,0.945
186354,0.763306,0.9598
186378,0.763404,0.9538
186403,0.763507,0.952
186425,0.763597,0.9448
186449,0.763695,0.9515
186472,0.763789,0.9537
186496,0.763888,0.945
186520,0.763986,0.9562
186543,0.76408,0.9483
186567,0.764178,0.958
186591,0.764277,0.9442
186614,0.764371,0.9539
186637,0.764465,0.9476
186661,0.764563,0.9625
186684,0.764658,0.9527
186707,0.764752,0.9504
186731,0.76485,0.9511
186754,0.764944,0.9501
186778,0.765043,0.9484
186801,0.765137,0.9463
186825,0.765235,0.9562
186849,0.765334,0.9479
186873,0.765432,0.9508
186898,0.765534,0.9605
186921,0.765628,0.9573
186944,0.765723,0.9519
186966,0.765813,0.9648
186990,0.765911,0.953
187013,0.766005,0.9426
187037,0.766104,0.9635
187061,0.766202,0.9472
187085,0.7663,0.9552
187109,0.766398,0.954
187132,0.766493,0.9601
187155,0.766587,0.9433
187178,0.766681,0.9618
187202,0.766779,0.9612
187225,0.766874,0.9552
187249,0.766972,0.9559
187273,0.76707,0.9492
187297,0.767169,0.9603
187321,0.767267,0.9588
187345,0.767365,0.941
187369,0.767463,0.9447
187392,0.767558,0.9576
187416,0.767656,0.948
187439,0.76775,0.9518
187463,0.767848,0.9479
187487,0.767947,0.9484
187488,0.767951,0.9507
187511,0.768045,0.946
187535,0.768143,0.9664
187558,0.768238,0.9547
187582,0.768336,0.9466
187606,0.768434,0.9595
187630,0.768532,0.9466
187654,0.768631,0.9591
187677,0.768725,0.944
187700,0.768819,0.956
187723,0.768913,0.9641
187746,0.769008,0.9546
187769,0.769102,0.9484
187793,0.7692,0.9585
187816,0.769294,0.9595
187840,0.769393,0.956
187865,0.769495,0.9548
187888,0.769589,0.9664
187912,0.769688,0.9604
187935,0.769782,0.9601
187958,0.769876,0.9442
187981,0.76997,0.956
188004,0.770064,0.9555
188027,0.770159,0.9535
188050,0.770253,0.9474
188074,0.770351,0.962
188098,0.770449,0.9487
188122,0.770548,0.95
188146,0.770646,0.9591
188170,0.770744,0.9535
188193,0.770839,0.9469
188216,0.770933,0.9599
188240,0.771031,0.9553
188264,0.771129,0.952
188288,0.771228,0.9495
188311,0.771322,0.9475
188334,0.771416,0.9582
188359,0.771518,0.9487
188382,0.771613,0.9643
188405,0.771707,0.9542
188429,0.771805,0.9492
188452,0.771899,0.9464
188476,0.771998,0.9546
188499,0.772092,0.9528
188524,0.772194,0.9511
188548,0.772293,0.948
188572,0.772391,0.9463
188596,0.772489,0.9528
188619,0.772583,0.9397
188643,0.772682,0.95
188666,0.772776,0.9568
188691,0.772878,0.9448
188714,0.772973,0.9358
188738,0.773071,0.9466
188762,0.773169,0.9456
188786,0.773267,0.9493
188810,0.773366,0.9611
188834,0.773464,0.9537
188858,0.773562,0.9558
188881,0.773657,0.9485
188904,0.773751,0.963
188929,0.773853,0.949
188953,0.773951,0.9444
188977,0.77405,0.9494
189002,0.774152,0.9592
189025,0.774246,0.9483
189050,0.774349,0.9516
189074,0.774447,0.9496
189097,0.774541,0.9649
189120,0.774636,0.9423
189144,0.774734,0.9563
189167,0.774828,0.9427
189190,0.774922,0.9606
189214,0.775021,0.9564
189237,0.775115,0.95
189261,0.775213,0.949
189285,0.775311,0.9528
189308,0.775406,0.9474
189332,0.775504,0.9542
189355,0.775598,0.9451
189378,0.775692,0.9541
189402,0.775791,0.9461
189425,0.775885,0.9495
189449,0.775983,0.9488
189472,0.776077,0.9461
189496,0.776176,0.9539
189519,0.77627,0.9472
189543,0.776368,0.9508
189567,0.776466,0.9513
189591,0.776565,0.9522
189614,0.776659,0.9507
189638,0.776757,0.9535
189661,0.776851,0.9608
189685,0.77695,0.9468
189709,0.777048,0.9567
189733,0.777146,0.9344
189756,0.777241,0.9733
189779,0.777335,0.953
189803,0.777433,0.9462
189827,0.777531,0.9508
189851,0.77763,0.9504
189873,0.77772,0.9375
189897,0.777818,0.9545
189920,0.777912,0.9523
189943,0.778007,0.9461
189967,0.778105,0.9678
189990,0.778199,0.9468
190014,0.778297,0.9487
190038,0.778396,0.9508
190061,0.77849,0.9477
190085,0.778588,0.9523
190109,0.778686,0.9661
190133,0.778785,0.9446
190157,0.778883,0.954
190181,0.778981,0.9503
190205,0.77908,0.9527
190228,0.779174,0.9542
190251,0.779268,0.957
190276,0.77937,0.9514
190299,0.779465,0.9489
190324,0.779567,0.9532
190347,0.779661,0.9555
190370,0.779756,0.9469
190393,0.77985,0.9541
190417,0.779948,0.9491
190440,0.780042,0.9542
190464,0.780141,0.9557
190488,0.780239,0.9664
190513,0.780341,0.9579
190536,0.780435,0.9613
190559,0.78053,0.9535
190584,0.780632,0.954
190608,0.78073,0.9564
190630,0.78082,0.9535
190653,0.780915,0.9532
190677,0.781013,0.9536
190701,0.781111,0.9534
190725,0.78121,0.9521
190749,0.781308,0.9559
190772,0.781402,0.9592
190795,0.781496,0.9553
190819,0.781595,0.9551
190843,0.781693,0.9538
190867,0.781791,0.9559
190891,0.78189,0.9495
190914,0.781984,0.9541
190938,0.782082,0.9508
190962,0.78218,0.9531
190986,0.782279,0.9455
191009,0.782373,0.9424
191033,0.782471,0.9545
191057,0.782569,0.9471
191080,0.782664,0.9525
191104,0.782762,0.9557
191128,0.78286,0.9585
191152,0.782959,0.9532
191176,0.783057,0.9472
191200,0.783155,0.9619
191223,0.783249,0.9483
191247,0.783348,0.9567
191270,0.783442,0.9641
191293,0.783536,0.953
191317,0.783634,0.9536
191340,0.783729,0.9549
191364,0.783827,0.9527
191387,0.783921,0.9446
191411,0.784019,0.9558
191435,0.784118,0.9736
191459,0.784216,0.9432
191482,0.78431,0.9501
191505,0.784404,0.955
191529,0.784503,0.954
191553,0.784601,0.9568
191577,0.784699,0.9621
191602,0.784802,0.9504
191626,0.7849,0.9493
191650,0.784998,0.9613
191673,0.785093,0.9516
191697,0.785191,0.9403
191721,0.785289,0.9481
191745,0.785388,0.9422
191769,0.785486,0.9419
191793,0.785584,0.9514
191817,0.785682,0.9534
191840,0.785777,0.9484
191864,0.785875,0.9476
191889,0.785977,0.9648
191913,0.786076,0.9419
191936,0.78617,0.9474
191960,0.786268,0.9468
191984,0.786366,0.9485
192007,0.786461,0.9586
192031,0.786559,0.9475
192055,0.786657,0.9519
192079,0.786756,0.9546
192103,0.786854,0.9414
192127,0.786952,0.9554
192150,0.787046,0.9524
192175,0.787149,0.9506
192199,0.787247,0.9663
192223,0.787345,0.9482
192246,0.78744,0.953
192270,0.787538,0.9454
192293,0.787632,0.9405
192316,0.787726,0.9515
192339,0.787821,0.9576
192362,0.787915,0.9551
192386,0.788013,0.9501
192409,0.788107,0.9647
192433,0.788206,0.9646
192457,0.788304,0.9648
192481,0.788402,0.9459
192505,0.7885,0.9619
192529,0.788599,0.9368
192554,0.788701,0.9471
192577,0.788795,0.9492
192601,0.788894,0.9535
192625,0.788992,0.9568
192649,0.78909,0.9658
192673,0.789189,0.9556
192698,0.789291,0.9432
192722,0.789389,0.9484
192744,0.789479,0.9483
192768,0.789578,0.9492
192791,0.789672,0.9547
192814,0.789766,0.9558
192838,0.789864,0.9625
192862,0.789963,0.9563
192886,0.790061,0.9584
192910,0.790159,0.9604
192934,0.790258,0.9486
192958,0.790356,0.9665
192982,0.790454,0.9512
193006,0.790553,0.9536
193029,0.790647,0.949
193053,0.790745,0.9464
193076,0.790839,0.9634
193100,0.790938,0.9596
193124,0.791036,0.9516
193147,0.79113,0.9562
193171,0.791228,0.9572
193195,0.791327,0.9465
193220,0.791429,0.9446
193244,0.791527,0.945
193268,0.791626,0.9605
193292,0.791724,0.9425
193316,0.791822,0.9528
193338,0.791912,0.9522
193362,0.792011,0.9612
193386,0.792109,0.9367
193410,0.792207,0.9354
193433,0.792302,0.9471
193456,0.792396,0.952
193480,0.792494,0.9498
193503,0.792588,0.9422
193526,0.792682,0.9466
193549,0.792777,0.9463
193573,0.792875,0.951
193597,0.792973,0.9491
193620,0.793068,0.9539
193644,0.793166,0.9507
193668,0.793264,0.9549
193692,0.793362,0.9485
193716,0.793461,0.9456
193739,0.793555,0.95
193763,0.793653,0.9541
193787,0.793752,0.9547
193811,0.79385,0.9419
193833,0.79394,0.9623
193857,0.794038,0.9406
193880,0.794132,0.951
193905,0.794235,0.9536
193928,0.794329,0.9517
193952,0.794427,0.9482
193976,0.794526,0.9544
193999,0.79462,0.9584
194022,0.794714,0.9495
194046,0.794812,0.9448
194069,0.794907,0.9579
194093,0.795005,0.9439
194116,0.795099,0.9521
194141,0.795202,0.9454
194164,0.795296,0.9548
194187,0.79539,0.973
194212,0.795492,0.9467
194235,0.795587,0.9566
194259,0.795685,0.9476
194283,0.795783,0.9532
194306,0.795877,0.9515
194329,0.795972,0.9485
194353,0.79607,0.9537
194377,0.796168,0.9375
194401,0.796266,0.9488
194424,0.796361,0.9448
194448,0.796459,0.956
194472,0.796557,0.952
194496,0.796656,0.9581
194520,0.796754,0.959
194544,0.796852,0.9562
194568,0.796951,0.952
194592,0.797049,0.9527
194615,0.797143,0.9482
194639,0.797241,0.9553
194663,0.79734,0.9415
194687,0.797438,0.954
194712,0.79754,0.9539
194736,0.797639,0.951
194760,0.797737,0.9637
194784,0.797835,0.9568
194808,0.797934,0.9671
194831,0.798028,0.9474
194854,0.798122,0.9527
194878,0.79822,0.95
194902,0.798319,0.9499
194925,0.798413,0.9458
194950,0.798515,0.9458
194973,0.798609,0.9481
194997,0.798708,0.9482
195021,0.798806,0.9599
195044,0.7989,0.961
195068,0.798999,0.9438
195092,0.799097,0.9417
195116,0.799195,0.9497
195139,0.799289,0.9508
195163,0.799388,0.9493
195186,0.799482,0.9485
195209,0.799576,0.9492
195233,0.799674,0.9485
195257,0.799773,0.9561
195280,0.799867,0.9475
195300,0.799949,0.9517
195303,0.799961,0.9489
195326,0.800055,0.9667
195349,0.80015,0.9449
195372,0.800244,0.9493
195395,0.800338,0.9514
195419,0.800436,0.9556
195442,0.80053,0.9612
195466,0.800629,0.9386
195489,0.800723,0.9524
195513,0.800821,0.9481
195537,0.80092,0.9439
195560,0.801014,0.949
195583,0.801108,0.9548
195607,0.801206,0.9429
195631,0.801305,0.9467
195655,0.801403,0.9472
195678,0.801497,0.9502
195703,0.801599,0.9359
195726,0.801694,0.9635
195751,0.801796,0.9446
195774,0.80189,0.9568
195797,0.801985,0.9507
195821,0.802083,0.9551
195844,0.802177,0.9389
195868,0.802275,0.9469
195891,0.80237,0.9531
195915,0.802468,0.9637
195939,0.802566,0.9504
195964,0.802669,0.9564
195986,0.802759,0.9473
196010,0.802857,0.9559
196034,0.802955,0.9433
196057,0.803049,0.9532
196080,0.803144,0.9366
196104,0.803242,0.9511
196128,0.80334,0.9496
196150,0.80343,0.9512
196174,0.803529,0.9481
196198,0.803627,0.9583
196221,0.803721,0.9665
196244,0.803815,0.9502
196268,0.803914,0.9613
196293,0.804016,0.9484
196317,0.804114,0.9522
196340,0.804209,0.9443
196363,0.804303,0.9518
196387,0.804401,0.95
196411,0.804499,0.9596
196435,0.804598,0.9477
196457,0.804688,0.9485
196481,0.804786,0.9592
196505,0.804884,0.9535
196528,0.804979,0.9639
196551,0.805073,0.9647
196575,0.805171,0.9463
196598,0.805265,0.9515
196622,0.805364,0.9511
196645,0.805458,0.9457
196669,0.805556,0.9402
196692,0.80565,0.9453
196716,0.805749,0.9513
196740,0.805847,0.9546
196763,0.805941,0.9369
196787,0.80604,0.9616
196811,0.806138,0.9598
196835,0.806236,0.9442
196858,0.80633,0.9567
196882,0.806429,0.959
196906,0.806527,0.9473
196930,0.806625,0.9513
196954,0.806724,0.952
196977,0.806818,0.9513
197001,0.806916,0.9456
197025,0.807014,0.9439
197048,0.807109,0.9435
197072,0.807207,0.9573
197096,0.807305,0.9604
197119,0.807399,0.9433
197141,0.80749,0.9611
197165,0.807588,0.956
197190,0.80769,0.9562
197214,0.807789,0.9547
197237,0.807883,0.9545
197260,0.807977,0.946
197284,0.808075,0.9462
197309,0.808178,0.9503
197332,0.808272,0.9499
197356,0.80837,0.9478
197380,0.808468,0.9571
197404,0.808567,0.9629
197428,0.808665,0.9576
197453,0.808767,0.953
197477,0.808866,0.9563
197500,0.80896,0.9522
197524,0.809058,0.9442
197548,0.809157,0.9549
197572,0.809255,0.9492
197594,0.809345,0.9574
197618,0.809443,0.9483
197641,0.809538,0.9571
197665,0.809636,0.9542
197688,0.80973,0.9545
197712,0.809828,0.9491
197736,0.809927,0.955
197760,0.810025,0.9427
197784,0.810123,0.9577
197808,0.810222,0.9516
197832,0.81032,0.9582
197856,0.810418,0.9433
197879,0.810512,0.9481
197904,0.810615,0.9408
197928,0.810713,0.9454
197952,0.810811,0.95
197975,0.810906,0.9557
197999,0.811004,0.9556
198022,0.811098,0.9391
198046,0.811196,0.9542
198070,0.811295,0.9526
198093,0.811389,0.9618
198116,0.811483,0.9539
198140,0.811581,0.9418
198163,0.811676,0.95
198186,0.81177,0.9482
198210,0.811868,0.957
198233,0.811962,0.9542
198256,0.812057,0.9441
198279,0.812151,0.9615
198303,0.812249,0.9514
198326,0.812343,0.945
198350,0.812442,0.9588
198374,0.81254,0.9482
198398,0.812638,0.9534
198422,0.812737,0.9409
198446,0.812835,0.9487
198470,0.812933,0.9487
198494,0.813031,0.9429
198518,0.81313,0.9509
198541,0.813224,0.9397
198564,0.813318,0.9623
198588,0.813416,0.961
198612,0.813515,0.9503
198635,0.813609,0.9531
198659,0.813707,0.9596
198683,0.813806,0.957
198706,0.8139,0.951
198729,0.813994,0.9483
198753,0.814092,0.9562
198777,0.814191,0.9415
198800,0.814285,0.9412
198823,0.814379,0.9476
198845,0.814469,0.9433
198869,0.814567,0.9512
198892,0.814662,0.9469
198916,0.81476,0.9602
198940,0.814858,0.9467
198963,0.814952,0.9476
198987,0.815051,0.9546
199011,0.815149,0.9492
199035,0.815247,0.9483
199058,0.815342,0.9498
199082,0.81544,0.9563
199106,0.815538,0.9615
199129,0.815632,0.9522
199153,0.815731,0.9481
199176,0.815825,0.9472
199199,0.815919,0.9505
199223,0.816017,0.9496
199247,0.816116,0.9548
199271,0.816214,0.9627
199294,0.816308,0.9527
199317,0.816402,0.9386
199341,0.816501,0.94
199365,0.816599,0.9494
199388,0.816693,0.9568
199413,0.816796,0.9446
199437,0.816894,0.9534
199461,0.816992,0.9559
199485,0.817091,0.9562
199509,0.817189,0.9561
199532,0.817283,0.9558
199555,0.817377,0.9406
199579,0.817476,0.9405
199603,0.817574,0.9458
199627,0.817672,0.9466
199651,0.81777,0.9394
199675,0.817869,0.9553
199698,0.817963,0.9541
199721,0.818057,0.9494
199745,0.818156,0.9439
199768,0.81825,0.9589
199792,0.818348,0.9509
199816,0.818446,0.9549
199839,0.818541,0.9566
199862,0.818635,0.9489
199886,0.818733,0.9578
199910,0.818831,0.9421
199934,0.81893,0.9502
199958,0.819028,0.9437
199982,0.819126,0.9627
200006,0.819225,0.9527
200030,0.819323,0.9452
200054,0.819421,0.9431
200076,0.819511,0.9465
200100,0.81961,0.9494
200123,0.819704,0.9512
200146,0.819798,0.9506
200171,0.8199,0.9582
200194,0.819995,0.948
200217,0.820089,0.9515
200240,0.820183,0.9559
200264,0.820281,0.947
200288,0.82038,0.9391
200312,0.820478,0.9506
200335,0.820572,0.9556
200359,0.82067,0.9445
200382,0.820765,0.9448
200406,0.820863,0.9625
200430,0.820961,0.9468
200454,0.82106,0.9529
200477,0.821154,0.945
200501,0.821252,0.9426
200524,0.821346,0.9463
200547,0.821441,0.9473
200570,0.821535,0.9572
200594,0.821633,0.9512
200618,0.821731,0.956
200641,0.821826,0.9556
200664,0.82192,0.9438
200688,0.822018,0.9575
200712,0.822116,0.9453
200736,0.822215,0.9608
200760,0.822313,0.9461
200783,0.822407,0.957
200807,0.822505,0.9496
200830,0.8226,0.9533
200853,0.822694,0.9482
200877,0.822792,0.9557
200899,0.822882,0.9534
200922,0.822977,0.9454
200947,0.823079,0.9571
200971,0.823177,0.9405
200995,0.823276,0.9487
201018,0.82337,0.9452
201042,0.823468,0.9381
201066,0.823566,0.9492
201090,0.823665,0.9421
201113,0.823759,0.9496
201137,0.823857,0.9525
201160,0.823951,0.9625
201184,0.82405,0.9575
201208,0.824148,0.9492
201232,0.824246,0.9468
201256,0.824345,0.9511
201280,0.824443,0.9487
201303,0.824537,0.9556
201327,0.824635,0.9558
201351,0.824734,0.949
201374,0.824828,0.9496
201398,0.824926,0.9497
201421,0.82502,0.9473
201444,0.825115,0.9462
201467,0.825209,0.9558
201490,0.825303,0.9524
201514,0.825401,0.9597
201538,0.8255,0.9406
201561,0.825594,0.9484
201584,0.825688,0.9478
201607,0.825782,0.953
201631,0.825881,0.9521
201655,0.825979,0.9514
201678,0.826073,0.9426
201703,0.826175,0.9447
201726,0.82627,0.9486
201750,0.826368,0.948
201774,0.826466,0.9533
201798,0.826565,0.9472
201822,0.826663,0.9474
201845,0.826757,0.9492
201869,0.826855,0.9432
201892,0.82695,0.9636
201916,0.827048,0.9504
201940,0.827146,0.9472
201963,0.82724,0.9521
201987,0.827339,0.96
202010,0.827433,0.9444
202035,0.827535,0.9483
202059,0.827634,0.9432
202082,0.827728,0.9575
202106,0.827826,0.9485
202130,0.827924,0.9567
202154,0.828023,0.9422
202177,0.828117,0.95
202201,0.828215,0.9526
202224,0.82831,0.9606
202247,0.828404,0.9461
202271,0.828502,0.9467
202295,0.8286,0.9605
202318,0.828695,0.9559
202342,0.828793,0.9493
202367,0.828895,0.9509
202390,0.828989,0.9566
202414,0.829088,0.9599
202437,0.829182,0.9476
202461,0.82928,0.9545
202485,0.829379,0.9463
202508,0.829473,0.9515
202532,0.829571,0.9495
202555,0.829665,0.9442
202580,0.829768,0.9515
202603,0.829862,0.9539
202627,0.82996,0.9476
202650,0.830054,0.9375
202674,0.830153,0.9624
202697,0.830247,0.9586
202721,0.830345,0.9641
202745,0.830444,0.955
202769,0.830542,0.9484
202792,0.830636,0.9588
202815,0.83073,0.9494
202839,0.830829,0.9497
202863,0.830927,0.9548
202886,0.831021,0.9475
202910,0.831119,0.9524
202934,0.831218,0.9644
202958,0.831316,0.9426
202982,0.831414,0.9564
203006,0.831513,0.9472
203029,0.831607,0.9505
203054,0.831709,0.9555
203076,0.831799,0.9574
203101,0.831902,0.9516
203112,0.831947,0.965
203124,0.831996,0.964
203148,0.832094,0.9511
203172,0.832193,0.9453
203196,0.832291,0.9548
203219,0.832385,0.9601
203243,0.832483,0.9589
203266,0.832578,0.9372
203290,0.832676,0.9707
203313,0.83277,0.9482
203337,0.832868,0.9446
203360,0.832963,0.9591
203383,0.833057,0.9536
203407,0.833155,0.9373
203431,0.833253,0.9538
203455,0.833352,0.9554
203480,0.833454,0.9369
203503,0.833548,0.9469
203527,0.833647,0.9452
203549,0.833737,0.9526
203574,0.833839,0.9486
203597,0.833933,0.9505
203621,0.834032,0.9377
203646,0.834134,0.9553
203669,0.834228,0.9425
203693,0.834327,0.9492
203718,0.834429,0.9547
203742,0.834527,0.9484
203765,0.834621,0.9593
203788,0.834716,0.9759
203812,0.834814,0.9461
203836,0.834912,0.9444
203859,0.835006,0.9505
203882,0.835101,0.9501
203906,0.835199,0.9587
203930,0.835297,0.9536
203954,0.835396,0.9449
203978,0.835494,0.9579
204003,0.835596,0.9504
204026,0.83569,0.9545
204049,0.835785,0.9531
204073,0.835883,0.9561
204096,0.835977,0.9575
204120,0.836076,0.9523
204145,0.836178,0.9569
204169,0.836276,0.9418
204193,0.836375,0.9521
204217,0.836473,0.9695
204241,0.836571,0.9533
204265,0.836669,0.9487
204288,0.836764,0.9566
204312,0.836862,0.9523
204336,0.83696,0.9607
204361,0.837063,0.9499
204384,0.837157,0.9482
204408,0.837255,0.9409
204431,0.837349,0.9481
204455,0.837448,0.9562
204479,0.837546,0.9472
204503,0.837644,0.9516
204527,0.837743,0.9537
204550,0.837837,0.9491
204574,0.837935,0.9394
204598,0.838033,0.9486
204622,0.838132,0.9536
204646,0.83823,0.9479
204669,0.838324,0.9517
204693,0.838423,0.9479
204717,0.838521,0.9466
204740,0.838615,0.9544
204763,0.838709,0.9689
204788,0.838812,0.942
204812,0.83891,0.9365
204835,0.839004,0.9456
204859,0.839102,0.9596
204882,0.839197,0.9492
204905,0.839291,0.9491
204928,0.839385,0.9522
204952,0.839483,0.9491
204976,0.839582,0.9494
204999,0.839676,0.9392
205024,0.839778,0.9586
205048,0.839877,0.9531
205072,0.839975,0.9431
205094,0.840065,0.9419
205119,0.840167,0.9564
205143,0.840266,0.944
205168,0.840368,0.9473
205192,0.840466,0.9569
205216,0.840565,0.9573
205238,0.840655,0.9438
205262,0.840753,0.9542
205285,0.840847,0.9513
205309,0.840946,0.9524
205332,0.84104,0.9496
205356,0.841138,0.9556
205379,0.841232,0.9555
205403,0.841331,0.9537
205427,0.841429,0.946
205451,0.841527,0.9539
205475,0.841626,0.956
205498,0.84172,0.9479
205522,0.841818,0.952
205545,0.841912,0.9424
205569,0.842011,0.9572
205593,0.842109,0.9511
205617,0.842207,0.9561
205640,0.842301,0.9447
205663,0.842396,0.95
205687,0.842494,0.9473
205711,0.842592,0.9407
205734,0.842686,0.9485
205756,0.842777,0.9445
205780,0.842875,0.953
205803,0.842969,0.9561
205826,0.843063,0.9497
205850,0.843162,0.9479
205874,0.84326,0.943
205899,0.843362,0.9513
205922,0.843457,0.9489
205946,0.843555,0.9462
205970,0.843653,0.9619
205994,0.843751,0.9373
206017,0.843846,0.9537
206041,0.843944,0.946
206065,0.844042,0.9482
206088,0.844136,0.9392
206111,0.844231,0.9564
206135,0.844329,0.9487
206159,0.844427,0.9515
206183,0.844526,0.9482
206207,0.844624,0.9552
206230,0.844718,0.9519
206254,0.844816,0.9493
206277,0.844911,0.9497
206301,0.845009,0.949
206325,0.845107,0.9565
206348,0.845201,0.9488
206372,0.8453,0.9482
206396,0.845398,0.9474
206420,0.845496,0.9493
206444,0.845595,0.9514
206468,0.845693,0.9498
206491,0.845787,0.9614
206516,0.84589,0.9597
206539,0.845984,0.9432
206562,0.846078,0.9398
206586,0.846176,0.9404
206609,0.84627,0.9499
206633,0.846369,0.9538
206657,0.846467,0.9352
206679,0.846557,0.9493
206704,0.84666,0.9551
206728,0.846758,0.9332
206751,0.846852,0.9503
206775,0.84695,0.9555
206797,0.847041,0.9572
206821,0.847139,0.9543
206845,0.847237,0.9486
206869,0.847335,0.9409
206893,0.847434,0.9583
206917,0.847532,0.953
206941,0.84763,0.9436
206965,0.847729,0.9529
206988,0.847823,0.9452
207012,0.847921,0.9524
207035,0.848015,0.9423
207060,0.848118,0.9572
207084,0.848216,0.9451
207106,0.848306,0.9534
207129,0.8484,0.9467
207154,0.848503,0.9488
207177,0.848597,0.9506
207200,0.848691,0.9502
207224,0.84879,0.9504
207247,0.848884,0.9614
207271,0.848982,0.9412
207293,0.849072,0.9467
207318,0.849175,0.9513
207342,0.849273,0.9516
207364,0.849363,0.94
207388,0.849461,0.9573
207412,0.84956,0.966
207435,0.849654,0.9468
207459,0.849752,0.958
207484,0.849854,0.9542
207508,0.849953,0.958
207532,0.850051,0.9538
207556,0.850149,0.9584
207580,0.850248,0.9686
207604,0.850346,0.9427
207627,0.85044,0.9434
207651,0.850538,0.9486
207675,0.850637,0.9466
207698,0.850731,0.9588
207722,0.850829,0.9565
207745,0.850924,0.9426
207769,0.851022,0.9598
207793,0.85112,0.9501
207817,0.851218,0.9559
207840,0.851313,0.95
207864,0.851411,0.9612
207887,0.851505,0.9504
207912,0.851608,0.9496
207935,0.851702,0.9548
207958,0.851796,0.9392
207982,0.851894,0.9386
208006,0.851993,0.9454
208029,0.852087,0.943
208052,0.852181,0.9561
208075,0.852275,0.9493
208099,0.852374,0.9606
208123,0.852472,0.9451
208147,0.85257,0.9592
208171,0.852668,0.9573
208195,0.852767,0.9476
208219,0.852865,0.9505
208242,0.852959,0.9431
208266,0.853058,0.944
208290,0.853156,0.953
208314,0.853254,0.9418
208338,0.853352,0.9573
208362,0.853451,0.9656
208386,0.853549,0.9488
208410,0.853647,0.9635
208434,0.853746,0.9546
208458,0.853844,0.9412
208482,0.853942,0.954
208506,0.854041,0.9517
208530,0.854139,0.9462
208554,0.854237,0.9486
208577,0.854331,0.9656
208601,0.85443,0.9502
208624,0.854524,0.9642
208648,0.854622,0.9531
208671,0.854716,0.95
208695,0.854815,0.9567
208719,0.854913,0.9539
208742,0.855007,0.9453
208766,0.855106,0.9476
208789,0.8552,0.944
208813,0.855298,0.9585
208836,0.855392,0.9443
208860,0.855491,0.9414
208883,0.855585,0.9513
208907,0.855683,0.9623
208931,0.855781,0.9516
208953,0.855871,0.932
208977,0.85597,0.9486
209001,0.856068,0.9428
209025,0.856166,0.9607
209049,0.856265,0.9663
209072,0.856359,0.9569
209096,0.856457,0.9481
209120,0.856556,0.9436
209144,0.856654,0.946
209166,0.856744,0.9582
209189,0.856838,0.9378
209213,0.856936,0.9552
209236,0.857031,0.9468
209260,0.857129,0.9622
209284,0.857227,0.9495
209307,0.857321,0.9575
209331,0.85742,0.9611
209354,0.857514,0.95
209378,0.857612,0.9488
209402,0.857711,0.9528
209426,0.857809,0.9403
209449,0.857903,0.9415
209473,0.858001,0.9451
209496,0.858096,0.9732
209520,0.858194,0.9513
209543,0.858288,0.9467
209567,0.858386,0.9451
209591,0.858485,0.9529
209614,0.858579,0.9528
209638,0.858677,0.9489
209660,0.858767,0.9466
209684,0.858866,0.9474
209708,0.858964,0.9538
209731,0.859058,0.9591
209755,0.859156,0.9515
209779,0.859255,0.9467
209803,0.859353,0.9682
209826,0.859447,0.9392
209850,0.859546,0.9515
209874,0.859644,0.9497
209898,0.859742,0.9695
209922,0.859841,0.9529
209945,0.859935,0.9503
209969,0.860033,0.9535
209992,0.860127,0.9484
210016,0.860226,0.9368
210040,0.860324,0.9436
210064,0.860422,0.9551
210088,0.86052,0.95
210112,0.860619,0.9453
210135,0.860713,0.953
210159,0.860811,0.9511
210183,0.86091,0.9515
210206,0.861004,0.9454
210230,0.861102,0.9505
210254,0.8612,0.9577
210279,0.861303,0.9604
210302,0.861397,0.9394
210326,0.861495,0.9539
210350,0.861594,0.9428
210373,0.861688,0.9641
210396,0.861782,0.9501
210420,0.86188,0.9602
210444,0.861979,0.9469
210467,0.862073,0.9442
210491,0.862171,0.9501
210514,0.862265,0.9517
210538,0.862364,0.9454
210562,0.862462,0.9583
210585,0.862556,0.951
210609,0.862654,0.9371
210632,0.862749,0.9452
210656,0.862847,0.955
210680,0.862945,0.9631
210703,0.863039,0.9601
210727,0.863138,0.9399
210749,0.863228,0.9542
210772,0.863322,0.9476
210796,0.86342,0.9472
210820,0.863519,0.9411
210842,0.863609,0.9481
210865,0.863703,0.949
210889,0.863801,0.954
210912,0.863896,0.9472
210924,0.863945,0.9558
210935,0.86399,0.9478
210959,0.864088,0.9479
210983,0.864186,0.9488
211007,0.864285,0.9626
211031,0.864383,0.9605
211055,0.864481,0.9461
211078,0.864575,0.9526
211101,0.86467,0.9594
211124,0.864764,0.9468
211148,0.864862,0.9478
211172,0.864961,0.9404
211196,0.865059,0.9507
211219,0.865153,0.9508
211244,0.865255,0.9514
211268,0.865354,0.9546
211292,0.865452,0.9406
211315,0.865546,0.9529
211339,0.865645,0.955
211363,0.865743,0.9575
211386,0.865837,0.9448
211410,0.865935,0.941
211433,0.86603,0.9624
211457,0.866128,0.9563
211481,0.866226,0.956
211504,0.86632,0.9619
211528,0.866419,0.9512
211552,0.866517,0.9431
211575,0.866611,0.9453
211598,0.866705,0.9419
211623,0.866808,0.9507
211647,0.866906,0.956
211670,0.867,0.9525
211694,0.867099,0.9455
211718,0.867197,0.9524
211742,0.867295,0.9417
211766,0.867394,0.959
211790,0.867492,0.9544
211814,0.86759,0.9556
211837,0.867684,0.9584
211862,0.867787,0.9557
211885,0.867881,0.9362
211909,0.867979,0.9609
211932,0.868073,0.9417
211956,0.868172,0.9527
211980,0.86827,0.9548
212004,0.868368,0.9437
212028,0.868467,0.9538
212051,0.868561,0.949
212076,0.868663,0.9558
212099,0.868758,0.9468
212124,0.86886,0.9501
212148,0.868958,0.949
212172,0.869057,0.9524
212195,0.869151,0.943
212220,0.869253,0.9502
212243,0.869347,0.9407
212266,0.869442,0.9545
212290,0.86954,0.9562
212314,0.869638,0.9525
212338,0.869736,0.9442
212362,0.869835,0.9548
212386,0.869933,0.9446
212409,0.870027,0.9458
212433,0.870126,0.9422
212456,0.87022,0.952
212480,0.870318,0.944
212503,0.870412,0.9452
212527,0.870511,0.9604
212550,0.870605,0.9487
212573,0.870699,0.9629
212597,0.870797,0.9474
212621,0.870896,0.9529
212645,0.870994,0.949
212669,0.871092,0.9492
212692,0.871186,0.9413
212716,0.871285,0.9496
212740,0.871383,0.9492
212764,0.871481,0.9634
212788,0.87158,0.9512
212812,0.871678,0.9498
212835,0.871772,0.948
212859,0.87187,0.9498
212883,0.871969,0.9545
212907,0.872067,0.9423
212931,0.872165,0.9491
212954,0.87226,0.9544
212979,0.872362,0.9532
213003,0.87246,0.9654
213027,0.872559,0.9508
213050,0.872653,0.9542
213075,0.872755,0.9443
213098,0.872849,0.9587
213122,0.872948,0.9546
213146,0.873046,0.9476
213169,0.87314,0.949
213192,0.873234,0.9517
213216,0.873333,0.9504
213240,0.873431,0.9542
213264,0.873529,0.9489
213288,0.873628,0.9615
213311,0.873722,0.9473
213333,0.873812,0.9375
213356,0.873906,0.9497
213379,0.874,0.9449
213403,0.874099,0.9562
213427,0.874197,0.9573
213451,0.874295,0.9458
213475,0.874394,0.9449
213498,0.874488,0.9408
213522,0.874586,0.9416
213546,0.874684,0.9528
213570,0.874783,0.9376
213593,0.874877,0.945
213617,0.874975,0.9525
213641,0.875074,0.9556
213664,0.875168,0.948
213688,0.875266,0.9582
213712,0.875364,0.946
213735,0.875459,0.9598
213758,0.875553,0.9526
213781,0.875647,0.9588
213805,0.875745,0.9425
213828,0.875839,0.9496
213853,0.875942,0.9518
213877,0.87604,0.9525
213901,0.876138,0.9508
213924,0.876233,0.9566
213948,0.876331,0.9704
213971,0.876425,0.9509
213995,0.876524,0.9538
214018,0.876618,0.9596
214042,0.876716,0.9543
214066,0.876814,0.942
214090,0.876913,0.9442
214114,0.877011,0.9458
214137,0.877105,0.957
214160,0.877199,0.9511
214184,0.877298,0.9489
214208,0.877396,0.9575
214232,0.877494,0.9487
214256,0.877593,0.9508
214279,0.877687,0.9519
214303,0.877785,0.9542
214326,0.877879,0.9665
214349,0.877974,0.9482
214373,0.878072,0.9569
214397,0.87817,0.9537
214421,0.878268,0.9565
214445,0.878367,0.9576
214468,0.878461,0.9401
214491,0.878555,0.9453
214515,0.878653,0.9558
214539,0.878752,0.9384
214563,0.87885,0.9428
214587,0.878948,0.9581
214611,0.879047,0.9503
214634,0.879141,0.9524
214658,0.879239,0.9487
214682,0.879337,0.9486
214707,0.87944,0.9508
214730,0.879534,0.9603
214754,0.879632,0.9531
214777,0.879727,0.9383
214801,0.879825,0.9494
214823,0.879915,0.9519
214847,0.880013,0.9506
214871,0.880112,0.9517
214895,0.88021,0.9491
214918,0.880304,0.9448
214943,0.880407,0.9494
214966,0.880501,0.9478
214990,0.880599,0.9532
215013,0.880693,0.9424
215036,0.880787,0.9431
215060,0.880886,0.9399
215084,0.880984,0.9502
215108,0.881082,0.9493
215132,0.881181,0.9377
215156,0.881279,0.9529
215179,0.881373,0.9569
215203,0.881471,0.9563
215227,0.88157,0.9543
215250,0.881664,0.9507
215274,0.881762,0.9514
215298,0.881861,0.947
215323,0.881963,0.9527
215347,0.882061,0.9445
215370,0.882156,0.9432
215394,0.882254,0.9497
215417,0.882348,0.9511
215441,0.882446,0.945
215465,0.882545,0.9582
215487,0.882635,0.945
215511,0.882733,0.9508
215535,0.882831,0.9576
215559,0.88293,0.9503
215583,0.883028,0.9524
215607,0.883126,0.9539
215631,0.883225,0.9566
215655,0.883323,0.9548
215678,0.883417,0.9498
215702,0.883515,0.9464
215727,0.883618,0.9398
215751,0.883716,0.9579
215774,0.88381,0.9501
215797,0.883905,0.9568
215821,0.884003,0.9493
215845,0.884101,0.9501
215869,0.884199,0.9521
215893,0.884298,0.9512
215917,0.884396,0.9543
215941,0.884494,0.9496
215965,0.884593,0.9591
215989,0.884691,0.9568
216012,0.884785,0.9576
216036,0.884883,0.9452
216059,0.884978,0.959
216084,0.88508,0.9464
216108,0.885178,0.943
216131,0.885273,0.9549
216155,0.885371,0.9564
216179,0.885469,0.9487
216201,0.885559,0.9543
216225,0.885658,0.9383
216249,0.885756,0.9501
216273,0.885854,0.9415
216297,0.885953,0.9501
216320,0.886047,0.9495
216344,0.886145,0.9588
216368,0.886243,0.9452
216391,0.886338,0.9508
216415,0.886436,0.9612
216439,0.886534,0.9569
216463,0.886632,0.9538
216487,0.886731,0.9589
216511,0.886829,0.9611
216535,0.886927,0.9623
216558,0.887022,0.9457
216581,0.887116,0.9407
216605,0.887214,0.9455
216629,0.887312,0.949
216652,0.887407,0.956
216676,0.887505,0.9493
216700,0.887603,0.9564
216724,0.887702,0.9431
216748,0.8878,0.9548
216772,0.887898,0.9471
216794,0.887988,0.9368
216818,0.888087,0.9631
216843,0.888189,0.9445
216867,0.888287,0.9566
216890,0.888381,0.9458
216914,0.88848,0.9501
216938,0.888578,0.9494
216962,0.888676,0.9472
216985,0.888771,0.9653
217009,0.888869,0.9477
217034,0.888971,0.9449
217057,0.889065,0.9404
217081,0.889164,0.9477
217105,0.889262,0.9484
217129,0.88936,0.9435
217152,0.889455,0.9568
217176,0.889553,0.9665
217200,0.889651,0.9505
217223,0.889745,0.9455
217246,0.88984,0.9389
217271,0.889942,0.9466
217294,0.890036,0.9447
217317,0.89013,0.9475
217340,0.890225,0.9437
217364,0.890323,0.9608
217388,0.890421,0.9486
217412,0.89052,0.9519
217435,0.890614,0.9562
217459,0.890712,0.9504
217482,0.890806,0.9477
217506,0.890905,0.9448
217530,0.891003,0.9535
217554,0.891101,0.9522
217578,0.891199,0.9539
217602,0.891298,0.9515
217626,0.891396,0.9518
217649,0.89149,0.9406
217673,0.891589,0.9468
217697,0.891687,0.9579
217720,0.891781,0.9533
217743,0.891875,0.9482
217767,0.891974,0.9441
217790,0.892068,0.9524
217815,0.89217,0.948
217838,0.892264,0.9468
217862,0.892363,0.9552
217886,0.892461,0.9453
217910,0.892559,0.9468
217934,0.892658,0.9438
217957,0.892752,0.9545
217980,0.892846,0.9526
218003,0.89294,0.9434
218026,0.893034,0.9459
218050,0.893133,0.9587
218074,0.893231,0.9495
218097,0.893325,0.9523
218121,0.893424,0.9504
218145,0.893522,0.95
218169,0.89362,0.9596
218193,0.893719,0.9493
218217,0.893817,0.949
218240,0.893911,0.9531
218264,0.894009,0.9405
218288,0.894108,0.9397
218312,0.894206,0.9529
218336,0.894304,0.9544
218359,0.894398,0.9473
218383,0.894497,0.9448
218406,0.894591,0.9419
218429,0.894685,0.9535
218453,0.894783,0.9524
218477,0.894882,0.9476
218501,0.89498,0.9514
218526,0.895082,0.9534
218549,0.895177,0.9559
218573,0.895275,0.9509
218597,0.895373,0.9546
218621,0.895472,0.9449
218645,0.89557,0.9484
218669,0.895668,0.9433
218693,0.895767,0.9484
218717,0.895865,0.9494
218736,0.895943,0.9463
218741,0.895963,0.9526
218765,0.896061,0.9566
218789,0.89616,0.9545
218812,0.896254,0.9518
218836,0.896352,0.9422
218859,0.896446,0.9454
218882,0.896541,0.9505
218906,0.896639,0.9451
218930,0.896737,0.953
218953,0.896831,0.9604
218977,0.89693,0.9473
219001,0.897028,0.9581
219025,0.897126,0.9499
219048,0.897221,0.946
219072,0.897319,0.9634
219095,0.897413,0.936
219119,0.897511,0.9421
219142,0.897606,0.9368
219166,0.897704,0.9523
219190,0.897802,0.9426
219214,0.897901,0.9704
219238,0.897999,0.9591
219262,0.898097,0.961
219286,0.898195,0.9509
219310,0.898294,0.9477
219333,0.898388,0.9524
219358,0.89849,0.9626
219380,0.89858,0.9545
219404,0.898679,0.9443
219428,0.898777,0.9472
219452,0.898875,0.9452
219475,0.89897,0.955
219498,0.899064,0.9515
219523,0.899166,0.9411
219546,0.89926,0.9553
219569,0.899355,0.9502
219592,0.899449,0.9584
219617,0.899551,0.9468
219640,0.899645,0.9491
219664,0.899744,0.9411
219688,0.899842,0.9522
219713,0.899944,0.9455
219736,0.900039,0.9598
219760,0.900137,0.9488
219783,0.900231,0.9498
219807,0.900329,0.9487
219830,0.900424,0.9469
219853,0.900518,0.9565
219876,0.900612,0.9522
219900,0.90071,0.9512
219924,0.900809,0.9478
219948,0.900907,0.9567
219972,0.901005,0.9461
219995,0.9011,0.9628
220019,0.901198,0.9627
220043,0.901296,0.9488
220067,0.901394,0.9521
220090,0.901489,0.9509
220115,0.901591,0.9371
220139,0.901689,0.9421
220163,0.901788,0.9554
220187,0.901886,0.9485
220210,0.90198,0.9458
220235,0.902083,0.9561
220258,0.902177,0.9486
220281,0.902271,0.9537
220306,0.902373,0.9497
220329,0.902468,0.955
220352,0.902562,0.9519
220375,0.902656,0.953
220399,0.902754,0.9381
220423,0.902853,0.9474
220447,0.902951,0.9456
220471,0.903049,0.9562
220495,0.903148,0.9388
220519,0.903246,0.9643
220543,0.903344,0.9496
220567,0.903442,0.9589
220591,0.903541,0.9408
220615,0.903639,0.9589
220639,0.903737,0.954
220662,0.903832,0.9535
220685,0.903926,0.9545
220709,0.904024,0.9446
220733,0.904122,0.9478
220756,0.904217,0.9487
220779,0.904311,0.945
220803,0.904409,0.9449
220826,0.904503,0.9566
220851,0.904606,0.954
220874,0.9047,0.9513
220897,0.904794,0.9601
220921,0.904892,0.9558
220945,0.904991,0.9478
220969,0.905089,0.9451
220993,0.905187,0.962
221017,0.905286,0.9492
221041,0.905384,0.9576
221065,0.905482,0.9504
221088,0.905576,0.9454
221112,0.905675,0.947
221136,0.905773,0.9411
221160,0.905871,0.9497
221185,0.905974,0.9552
221209,0.906072,0.9547
221233,0.90617,0.9541
221256,0.906265,0.949
221279,0.906359,0.9444
221303,0.906457,0.9408
221326,0.906551,0.9468
221349,0.906646,0.9491
221372,0.90674,0.9559
221397,0.906842,0.9507
221421,0.90694,0.951
221445,0.907039,0.9509
221469,0.907137,0.945
221492,0.907231,0.9479
221516,0.90733,0.9467
221540,0.907428,0.9483
221565,0.90753,0.9356
221588,0.907624,0.9527
221611,0.907719,0.9496
221635,0.907817,0.9534
221659,0.907915,0.9521
221682,0.908009,0.9407
221706,0.908108,0.9491
221730,0.908206,0.942
221755,0.908308,0.9582
221778,0.908403,0.96
221801,0.908497,0.9489
221824,0.908591,0.9431
221847,0.908685,0.9631
221871,0.908784,0.9439
221895,0.908882,0.9609
221919,0.90898,0.9424
221942,0.909074,0.9412
221965,0.909169,0.9494
221989,0.909267,0.9559
222013,0.909365,0.9433
222036,0.909459,0.9538
222059,0.909554,0.9558
222083,0.909652,0.9528
222107,0.90975,0.9429
222130,0.909844,0.953
222155,0.909947,0.9496
222179,0.910045,0.9522
222202,0.910139,0.9402
222225,0.910234,0.9469
222250,0.910336,0.9527
222273,0.91043,0.9526
222296,0.910524,0.9531
222320,0.910623,0.9568
222343,0.910717,0.9485
222367,0.910815,0.9565
222391,0.910914,0.9489
222415,0.911012,0.952
222438,0.911106,0.9479
222461,0.9112,0.9362
222484,0.911294,0.9439
222508,0.911393,0.9526
222531,0.911487,0.9473
222556,0.911589,0.9595
222579,0.911684,0.9413
222602,0.911778,0.9449
222626,0.911876,0.9466
222649,0.91197,0.9511
222673,0.912069,0.9462
222697,0.912167,0.9614
222722,0.912269,0.9525
222745,0.912364,0.9477
222769,0.912462,0.9572
222793,0.91256,0.95
222817,0.912658,0.9476
222841,0.912757,0.9604
222866,0.912859,0.9543
222889,0.912953,0.9363
222912,0.913048,0.955
222936,0.913146,0.9483
222960,0.913244,0.9485
222984,0.913342,0.9488
223007,0.913437,0.9412
223031,0.913535,0.9482
223054,0.913629,0.9479
223078,0.913727,0.9399
223103,0.91383,0.9383
223125,0.91392,0.9492
223148,0.914014,0.9462
223172,0.914113,0.9565
223195,0.914207,0.9383
223219,0.914305,0.9501
223244,0.914407,0.9485
223267,0.914502,0.9397
223292,0.914604,0.947
223315,0.914698,0.9514
223338,0.914792,0.9539
223363,0.914895,0.9357
223387,0.914993,0.951
223411,0.915091,0.9514
223434,0.915186,0.9499
223458,0.915284,0.9505
223481,0.915378,0.9448
223504,0.915472,0.9485
223529,0.915575,0.9513
223553,0.915673,0.9563
223577,0.915771,0.95
223601,0.91587,0.9489
223625,0.915968,0.9575
223649,0.916066,0.955
223674,0.916169,0.9501
223698,0.916267,0.9478
223722,0.916365,0.9421
223745,0.91646,0.9441
223769,0.916558,0.9462
223793,0.916656,0.9501
223818,0.916759,0.9367
223841,0.916853,0.948
223864,0.916947,0.9383
223887,0.917041,0.9557
223911,0.917139,0.9562
223934,0.917234,0.9521
223958,0.917332,0.9454
223981,0.917426,0.958
224004,0.91752,0.9466
224028,0.917619,0.955
224051,0.917713,0.9465
224075,0.917811,0.9591
224099,0.91791,0.942
224123,0.918008,0.9574
224146,0.918102,0.9399
224169,0.918196,0.9416
224193,0.918295,0.944
224217,0.918393,0.9514
224240,0.918487,0.9464
224263,0.918581,0.9513
224287,0.91868,0.9519
224310,0.918774,0.9486
224334,0.918872,0.952
224357,0.918966,0.9539
224380,0.91906,0.9473
224404,0.919159,0.9551
224428,0.919257,0.9571
224451,0.919351,0.9468
224475,0.91945,0.9404
224498,0.919544,0.9532
224521,0.919638,0.9337
224544,0.919732,0.9555
224568,0.919831,0.9511
224591,0.919925,0.9535
224616,0.920027,0.951
224639,0.920121,0.9433
224663,0.92022,0.9497
224687,0.920318,0.9652
224711,0.920416,0.951
224734,0.92051,0.9469
224758,0.920609,0.9543
224782,0.920707,0.9553
224805,0.920801,0.9495
224828,0.920895,0.9488
224851,0.92099,0.9411
224874,0.921084,0.9614
224897,0.921178,0.954
224921,0.921276,0.9433
224945,0.921375,0.9573
224969,0.921473,0.9478
224993,0.921571,0.9567
225017,0.92167,0.942
225040,0.921764,0.9652
225064,0.921862,0.9378
225089,0.921965,0.9545
225112,0.922059,0.9475
225135,0.922153,0.9444
225159,0.922251,0.9527
225183,0.92235,0.9428
225206,0.922444,0.9528
225229,0.922538,0.9597
225253,0.922636,0.952
225277,0.922735,0.957
225302,0.922837,0.9527
225325,0.922931,0.9544
225349,0.92303,0.9471
225373,0.923128,0.9466
225395,0.923218,0.9468
225419,0.923316,0.9535
225442,0.92341,0.955
225466,0.923509,0.9424
225489,0.923603,0.9438
225513,0.923701,0.947
225538,0.923804,0.9409
225562,0.923902,0.9597
225586,0.924,0.9476
225610,0.924099,0.9473
225634,0.924197,0.9408
225657,0.924291,0.9536
225680,0.924385,0.9537
225704,0.924484,0.9611
225727,0.924578,0.9541
225750,0.924672,0.9464
225774,0.92477,0.9583
225797,0.924865,0.9388
225821,0.924963,0.9475
225845,0.925061,0.9446
225869,0.925159,0.9481
225893,0.925258,0.9488
225916,0.925352,0.9577
225940,0.92545,0.9511
225962,0.92554,0.9432
225986,0.925639,0.9478
226010,0.925737,0.9441
226033,0.925831,0.9489
226057,0.925929,0.96
226081,0.926028,0.9573
226103,0.926118,0.9434
226127,0.926216,0.9501
226151,0.926314,0.9446
226176,0.926417,0.9535
226198,0.926507,0.9516
226223,0.926609,0.947
226246,0.926704,0.9454
226270,0.926802,0.9446
226293,0.926896,0.9561
226317,0.926994,0.9583
226341,0.927093,0.946
226364,0.927187,0.9445
226387,0.927281,0.9526
226411,0.927379,0.9526
226435,0.927478,0.9552
226458,0.927572,0.9393
226481,0.927666,0.9598
226504,0.92776,0.9442
226528,0.927859,0.9391
226548,0.927941,0.9458
226551,0.927953,0.9447
226575,0.928051,0.9479
226598,0.928145,0.9542
226622,0.928244,0.9449
226646,0.928342,0.9475
226669,0.928436,0.9471
226692,0.92853,0.9567
226715,0.928625,0.9462
226738,0.928719,0.9539
226760,0.928809,0.9369
226784,0.928907,0.9575
226808,0.929006,0.9581
226831,0.9291,0.9375
226855,0.929198,0.9459
226879,0.929296,0.9413
226903,0.929395,0.9415
226926,0.929489,0.9548
226950,0.929587,0.9563
226973,0.929681,0.9498
226997,0.92978,0.9478
227020,0.929874,0.9458
227043,0.929968,0.9534
227067,0.930066,0.9518
227090,0.930161,0.9466
227114,0.930259,0.9546
227137,0.930353,0.9443
227162,0.930456,0.9563
227185,0.93055,0.9437
227208,0.930644,0.9539
227231,0.930738,0.9537
227255,0.930836,0.9525
227278,0.930931,0.9362
227302,0.931029,0.9603
227326,0.931127,0.9534
227350,0.931226,0.9505
227374,0.931324,0.9524
227397,0.931418,0.9564
227420,0.931512,0.9527
227445,0.931615,0.9601
227468,0.931709,0.9376
227492,0.931807,0.9452
227515,0.931901,0.96
227539,0.932,0.9479
227564,0.932102,0.9497
227588,0.9322,0.9473
227612,0.932299,0.9364
227635,0.932393,0.9506
227658,0.932487,0.9494
227682,0.932585,0.9378
227704,0.932676,0.9519
227727,0.93277,0.9623
227751,0.932868,0.9487
227774,0.932962,0.9486
227798,0.933061,0.9445
227822,0.933159,0.9562
227846,0.933257,0.9459
227870,0.933356,0.9474
227893,0.93345,0.9467
227917,0.933548,0.9436
227941,0.933646,0.9534
227965,0.933745,0.9509
227988,0.933839,0.9572
228012,0.933937,0.9353
228035,0.934031,0.9475
228059,0.93413,0.9444
228083,0.934228,0.9483
228107,0.934326,0.9425
228130,0.93442,0.9358
228154,0.934519,0.9416
228178,0.934617,0.9556
228203,0.934719,0.9504
228226,0.934814,0.9467
228250,0.934912,0.9449
228273,0.935006,0.9505
228297,0.935105,0.945
228322,0.935207,0.9483
228346,0.935305,0.9516
228370,0.935404,0.9516
228393,0.935498,0.9503
228417,0.935596,0.952
228440,0.93569,0.9499
228463,0.935784,0.9537
228487,0.935883,0.9442
228511,0.935981,0.9532
228534,0.936075,0.9485
228558,0.936174,0.9533
228582,0.936272,0.9464
228605,0.936366,0.9574
228629,0.936464,0.9487
228654,0.936567,0.9382
228677,0.936661,0.9566
228701,0.936759,0.9673
228725,0.936858,0.9509
228749,0.936956,0.9565
228772,0.93705,0.9403
228796,0.937148,0.9566
228820,0.937247,0.9518
228844,0.937345,0.9592
228868,0.937443,0.9429
228891,0.937538,0.9618
228915,0.937636,0.9515
228940,0.937738,0.9506
228963,0.937832,0.9483
228987,0.937931,0.9462
229011,0.938029,0.945
229035,0.938127,0.946
229058,0.938222,0.9679
229082,0.93832,0.9524
229106,0.938418,0.9658
229130,0.938516,0.9488
229154,0.938615,0.9512
229178,0.938713,0.9554
229202,0.938811,0.953
229226,0.93891,0.9419
229250,0.939008,0.9632
229274,0.939106,0.9601
229297,0.939201,0.9382
229321,0.939299,0.9549
229344,0.939393,0.9561
229367,0.939487,0.9519
229390,0.939581,0.952
229415,0.939684,0.944
229437,0.939774,0.9562
229461,0.939872,0.9386
229484,0.939966,0.9416
229508,0.940065,0.9576
229532,0.940163,0.9482
229555,0.940257,0.9552
229578,0.940351,0.9508
229603,0.940454,0.9613
229627,0.940552,0.9559
229650,0.940646,0.9657
229674,0.940745,0.9447
229698,0.940843,0.9429
229722,0.940941,0.9446
229745,0.941036,0.9472
229769,0.941134,0.9604
229793,0.941232,0.948
229817,0.94133,0.9433
229841,0.941429,0.9457
229864,0.941523,0.954
229887,0.941617,0.9457
229911,0.941715,0.9536
229935,0.941814,0.9651
229958,0.941908,0.9525
229982,0.942006,0.9481
230006,0.942105,0.9404
230030,0.942203,0.9514
230053,0.942297,0.9489
230077,0.942395,0.9513
230100,0.94249,0.9532
230123,0.942584,0.9601
230146,0.942678,0.9433
230171,0.94278,0.9523
230195,0.942879,0.9556
230218,0.942973,0.9422
230242,0.943071,0.9591
230265,0.943165,0.9476
230289,0.943264,0.9605
230312,0.943358,0.9476
230336,0.943456,0.9582
230360,0.943555,0.9481
230383,0.943649,0.953
230406,0.943743,0.952
230430,0.943841,0.9469
230453,0.943935,0.9515
230477,0.944034,0.944
230501,0.944132,0.9459
230524,0.944226,0.9547
230548,0.944325,0.9464
230571,0.944419,0.9561
230595,0.944517,0.937
230619,0.944615,0.9401
230643,0.944714,0.9503
230666,0.944808,0.9472
230690,0.944906,0.9514
230714,0.945005,0.944
230737,0.945099,0.9568
230760,0.945193,0.9519
230783,0.945287,0.9579
230806,0.945381,0.9446
230829,0.945476,0.9518
230852,0.94557,0.9398
230876,0.945668,0.9425
230900,0.945766,0.9494
230924,0.945865,0.9516
230948,0.945963,0.9467
230972,0.946061,0.9357
230995,0.946156,0.9449
231019,0.946254,0.9572
231043,0.946352,0.9484
231067,0.94645,0.9612
231089,0.946541,0.9561
231113,0.946639,0.9545
231138,0.946741,0.9614
231161,0.946835,0.9542
231186,0.946938,0.9363
231209,0.947032,0.9591
231233,0.94713,0.941
231257,0.947229,0.9449
231281,0.947327,0.9611
231304,0.947421,0.9478
231329,0.947524,0.9437
231352,0.947618,0.9504
231375,0.947712,0.9515
231399,0.94781,0.9565
231422,0.947905,0.9583
231445,0.947999,0.9462
231469,0.948097,0.9438
231494,0.948199,0.9541
231518,0.948298,0.9458
231541,0.948392,0.946
231564,0.948486,0.9465
231588,0.948584,0.9518
231612,0.948683,0.9529
231635,0.948777,0.9473
231658,0.948871,0.9583
231683,0.948974,0.9428
231707,0.949072,0.9483
231730,0.949166,0.9478
231754,0.949264,0.9603
231778,0.949363,0.9562
231802,0.949461,0.9495
231826,0.949559,0.9541
231849,0.949654,0.947
231872,0.949748,0.9408
231896,0.949846,0.962
231919,0.94994,0.9552
231943,0.950039,0.946
231967,0.950137,0.9529
231991,0.950235,0.9496
232014,0.950329,0.953
232038,0.950428,0.9417
232062,0.950526,0.9541
232086,0.950624,0.9512
232110,0.950723,0.9555
232134,0.950821,0.945
232157,0.950915,0.9456
232180,0.951009,0.9473
232205,0.951112,0.9545
232228,0.951206,0.9539
232252,0.951304,0.9526
232276,0.951402,0.9551
232299,0.951497,0.9457
232323,0.951595,0.9546
232346,0.951689,0.9428
232370,0.951788,0.9436
232394,0.951886,0.9466
232418,0.951984,0.9597
232442,0.952082,0.9546
232466,0.952181,0.9582
232489,0.952275,0.9464
232513,0.952373,0.9557
232536,0.952467,0.9602
232560,0.952566,0.9401
232583,0.95266,0.9549
232607,0.952758,0.9455
232630,0.952852,0.947
232654,0.952951,0.9525
232677,0.953045,0.9571
232701,0.953143,0.9674
232725,0.953242,0.9594
232748,0.953336,0.9588
232772,0.953434,0.9553
232796,0.953532,0.958
232820,0.953631,0.9445
232844,0.953729,0.9475
232867,0.953823,0.9534
232891,0.953922,0.9511
232914,0.954016,0.9446
232939,0.954118,0.9675
232962,0.954212,0.9557
232986,0.954311,0.944
233011,0.954413,0.9494
233034,0.954507,0.9508
233057,0.954601,0.9466
233081,0.9547,0.9503
233103,0.95479,0.9521
233127,0.954888,0.9483
233151,0.954986,0.95
233175,0.955085,0.9429
233199,0.955183,0.9462
233223,0.955281,0.9463
233246,0.955376,0.9578
233271,0.955478,0.9558
233295,0.955576,0.9394
233318,0.955671,0.9575
233340,0.955761,0.9548
233365,0.955863,0.9486
233389,0.955961,0.9419
233413,0.95606,0.9407
233436,0.956154,0.9399
233459,0.956248,0.952
233482,0.956342,0.9432
233505,0.956436,0.9611
233529,0.956535,0.9555
233553,0.956633,0.947
233576,0.956727,0.9388
233600,0.956826,0.9451
233624,0.956924,0.9408
233647,0.957018,0.9619
233671,0.957116,0.9521
233694,0.957211,0.952
233718,0.957309,0.9449
233741,0.957403,0.9455
233765,0.957501,0.9374
233788,0.957596,0.949
233812,0.957694,0.9469
233836,0.957792,0.9509
233860,0.957891,0.9539
233884,0.957989,0.952
233907,0.958083,0.9573
233931,0.958181,0.9368
233955,0.95828,0.9496
233978,0.958374,0.9596
234001,0.958468,0.952
234025,0.958566,0.9411
234049,0.958665,0.9472
234074,0.958767,0.9458
234097,0.958861,0.964
234121,0.95896,0.9423
234144,0.959054,0.9562
234168,0.959152,0.9514
234192,0.95925,0.9501
234216,0.959349,0.9486
234239,0.959443,0.9457
234262,0.959537,0.9529
234287,0.95964,0.9457
234310,0.959734,0.9476
234334,0.959832,0.9482
234357,0.959926,0.9525
234360,0.959939,0.9553
234380,0.96002,0.9481
234404,0.960119,0.9445
234428,0.960217,0.9456
234452,0.960315,0.9613
234475,0.96041,0.9523
234499,0.960508,0.946
234522,0.960602,0.9424
234545,0.960696,0.9495
234568,0.960791,0.9551
234593,0.960893,0.9558
234617,0.960991,0.9498
234640,0.961085,0.9528
234664,0.961184,0.9464
234688,0.961282,0.9558
234712,0.96138,0.9506
234734,0.96147,0.951
234759,0.961573,0.9495
234783,0.961671,0.9431
234807,0.961769,0.9401
234830,0.961864,0.9533
234855,0.961966,0.9493
234879,0.962064,0.9466
234902,0.962159,0.9543
234925,0.962253,0.946
234948,0.962347,0.9467
234971,0.962441,0.9592
234993,0.962531,0.9548
235018,0.962634,0.9416
235042,0.962732,0.9409
235066,0.96283,0.9633
235089,0.962925,0.939
235113,0.963023,0.946
235137,0.963121,0.9534
235161,0.963219,0.9513
235185,0.963318,0.943
235209,0.963416,0.9521
235233,0.963514,0.9505
235256,0.963609,0.9472
235280,0.963707,0.9477
235304,0.963805,0.9437
235327,0.963899,0.9453
235351,0.963998,0.9585
235374,0.964092,0.9459
235398,0.96419,0.9387
235422,0.964289,0.9471
235445,0.964383,0.9461
235469,0.964481,0.9463
235492,0.964575,0.952
235515,0.964669,0.9392
235539,0.964768,0.9428
235563,0.964866,0.9547
235587,0.964964,0.955
235609,0.965054,0.9398
235633,0.965153,0.9425
235657,0.965251,0.9471
235680,0.965345,0.9488
235703,0.965439,0.9536
235726,0.965534,0.9452
235750,0.965632,0.9515
235773,0.965726,0.9484
235796,0.96582,0.9547
235820,0.965919,0.9519
235844,0.966017,0.946
235868,0.966115,0.9527
235892,0.966214,0.9517
235915,0.966308,0.9452
235938,0.966402,0.9518
235962,0.9665,0.9584
235986,0.966599,0.9465
236009,0.966693,0.9487
236033,0.966791,0.9454
236057,0.966889,0.9513
236080,0.966984,0.9442
236103,0.967078,0.9505
236127,0.967176,0.9506
236151,0.967274,0.9461
236175,0.967373,0.9443
236197,0.967463,0.9471
236222,0.967565,0.955
236246,0.967664,0.9489
236269,0.967758,0.9451
236293,0.967856,0.9488
236317,0.967954,0.9527
236341,0.968053,0.9445
236365,0.968151,0.952
236390,0.968253,0.9439
236413,0.968348,0.946
236436,0.968442,0.9437
236459,0.968536,0.9399
236483,0.968634,0.9494
236506,0.968729,0.955
236530,0.968827,0.9402
236554,0.968925,0.9478
236578,0.969023,0.9536
236602,0.969122,0.9487
236625,0.969216,0.9431
236648,0.96931,0.9423
236673,0.969413,0.9489
236696,0.969507,0.9436
236720,0.969605,0.9507
236743,0.969699,0.9448
236767,0.969798,0.9488
236791,0.969896,0.9389
236815,0.969994,0.9683
236839,0.970093,0.9547
236862,0.970187,0.9466
236884,0.970277,0.9491
236908,0.970375,0.9456
236932,0.970473,0.9512
236957,0.970576,0.9471
236979,0.970666,0.9551
237003,0.970764,0.9648
237026,0.970858,0.9546
237050,0.970957,0.9485
237074,0.971055,0.9459
237098,0.971153,0.9422
237122,0.971252,0.9439
237146,0.97135,0.9398
237170,0.971448,0.9498
237193,0.971543,0.9423
237217,0.971641,0.954
237241,0.971739,0.947
237264,0.971833,0.9491
237288,0.971932,0.9502
237311,0.972026,0.948
237334,0.97212,0.949
237358,0.972218,0.946
237382,0.972317,0.9451
237406,0.972415,0.9554
237430,0.972513,0.9493
237454,0.972612,0.9537
237479,0.972714,0.9469
237502,0.972808,0.944
237525,0.972902,0.9496
237548,0.972997,0.9488
237572,0.973095,0.9541
237596,0.973193,0.9419
237620,0.973292,0.9323
237645,0.973394,0.9531
237668,0.973488,0.9568
237691,0.973582,0.9603
237715,0.973681,0.9393
237739,0.973779,0.9502
237762,0.973873,0.9536
237786,0.973971,0.9486
237810,0.97407,0.9475
237833,0.974164,0.9464
237857,0.974262,0.9455
237881,0.974361,0.9559
237904,0.974455,0.9535
237928,0.974553,0.9451
237952,0.974651,0.9505
237976,0.97475,0.9572
237999,0.974844,0.9454
238023,0.974942,0.9458
238046,0.975036,0.9483
238069,0.975131,0.9427
238094,0.975233,0.9373
238118,0.975331,0.9612
238142,0.97543,0.9493
238165,0.975524,0.9566
238189,0.975622,0.9631
238213,0.97572,0.9404
238237,0.975819,0.9468
238260,0.975913,0.9368
238283,0.976007,0.9449
238308,0.97611,0.9525
238332,0.976208,0.9486
238355,0.976302,0.9527
238379,0.9764,0.9503
238401,0.97649,0.9537
238425,0.976589,0.9547
238449,0.976687,0.9537
238473,0.976785,0.9448
238496,0.97688,0.9583
238520,0.976978,0.9465
238544,0.977076,0.9473
238567,0.97717,0.9566
238591,0.977269,0.9413
238616,0.977371,0.9483
238639,0.977465,0.9459
238662,0.97756,0.945
238685,0.977654,0.9649
238709,0.977752,0.9438
238733,0.97785,0.9476
238757,0.977949,0.9516
238779,0.978039,0.9543
238803,0.978137,0.9484
238827,0.978235,0.9478
238852,0.978338,0.948
238876,0.978436,0.9491
238899,0.97853,0.95
238922,0.978625,0.9479
238947,0.978727,0.9514
238970,0.978821,0.9474
238993,0.978915,0.9405
239017,0.979014,0.9524
239041,0.979112,0.9528
239065,0.97921,0.9397
239087,0.9793,0.9533
239111,0.979399,0.9596
239136,0.979501,0.9535
239160,0.979599,0.9436
239184,0.979698,0.9481
239207,0.979792,0.943
239231,0.97989,0.9495
239255,0.979988,0.9429
239279,0.980087,0.9509
239302,0.980181,0.9346
239327,0.980283,0.9546
239350,0.980378,0.9549
239373,0.980472,0.9534
239396,0.980566,0.9428
239420,0.980664,0.9439
239444,0.980763,0.949
239468,0.980861,0.951
239491,0.980955,0.9435
239515,0.981053,0.9453
239539,0.981152,0.9585
239563,0.98125,0.9455
239586,0.981344,0.955
239610,0.981443,0.9422
239634,0.981541,0.9582
239657,0.981635,0.9425
239681,0.981733,0.9468
239704,0.981828,0.9586
239727,0.981922,0.9478
239750,0.982016,0.9495
239774,0.982114,0.9502
239798,0.982213,0.9488
239822,0.982311,0.9505
239845,0.982405,0.946
239869,0.982503,0.9504
239893,0.982602,0.9443
239917,0.9827,0.9478
239939,0.98279,0.9478
239963,0.982888,0.9454
239988,0.982991,0.945
240011,0.983085,0.9522
240034,0.983179,0.9444
240058,0.983278,0.9395
240082,0.983376,0.9461
240105,0.98347,0.9444
240128,0.983564,0.9537
240151,0.983658,0.9503
240175,0.983757,0.9456
240198,0.983851,0.9512
240221,0.983945,0.9481
240245,0.984044,0.944
240269,0.984142,0.94
240293,0.98424,0.9434
240317,0.984338,0.9594
240342,0.984441,0.9497
240365,0.984535,0.9469
240390,0.984637,0.9438
240413,0.984732,0.9514
240437,0.98483,0.9491
240461,0.984928,0.9578
240485,0.985027,0.9437
240509,0.985125,0.9522
240533,0.985223,0.954
240556,0.985317,0.941
240580,0.985416,0.9505
240604,0.985514,0.9487
240627,0.985608,0.9524
240650,0.985702,0.9495
240674,0.985801,0.9485
240698,0.985899,0.9486
240721,0.985993,0.9419
240745,0.986092,0.9494
240768,0.986186,0.9495
240792,0.986284,0.9491
240816,0.986382,0.958
240840,0.986481,0.9491
240862,0.986571,0.9575
240885,0.986665,0.9497
240909,0.986763,0.9567
240932,0.986857,0.953
240956,0.986956,0.9682
240981,0.987058,0.9374
241004,0.987152,0.9499
241027,0.987247,0.9435
241051,0.987345,0.9507
241075,0.987443,0.942
241099,0.987542,0.9541
241123,0.98764,0.9481
241146,0.987734,0.9483
241170,0.987832,0.9452
241194,0.987931,0.9426
241218,0.988029,0.9421
241242,0.988127,0.9515
241266,0.988226,0.9505
241290,0.988324,0.9526
241314,0.988422,0.9499
241338,0.98852,0.9448
241361,0.988615,0.953
241386,0.988717,0.9523
241410,0.988815,0.9506
241434,0.988914,0.9512
241458,0.989012,0.9476
241481,0.989106,0.9573
241504,0.9892,0.9367
241528,0.989299,0.9449
241552,0.989397,0.9456
241576,0.989495,0.9465
241600,0.989594,0.9491
241624,0.989692,0.9495
241648,0.98979,0.9602
241672,0.989889,0.951
241696,0.989987,0.9474
241720,0.990085,0.9547
241743,0.990179,0.9447
241767,0.990278,0.9443
241790,0.990372,0.9396
241814,0.99047,0.9426
241838,0.990568,0.9469
241861,0.990663,0.9387
241885,0.990761,0.9557
241909,0.990859,0.9594
241931,0.990949,0.9469
241956,0.991052,0.9508
241980,0.99115,0.9422
242003,0.991244,0.9526
242027,0.991343,0.9538
242050,0.991437,0.9448
242075,0.991539,0.9474
242099,0.991638,0.9476
242123,0.991736,0.9483
242146,0.99183,0.9425
242169,0.991924,0.9459
242172,0.991937,0.9514
242194,0.992027,0.9451
242217,0.992121,0.9583
242241,0.992219,0.9494
242265,0.992317,0.9478
242288,0.992412,0.9446
242312,0.99251,0.95
242336,0.992608,0.9453
242359,0.992702,0.948
242383,0.992801,0.9509
242407,0.992899,0.9397
242430,0.992993,0.9409
242454,0.993092,0.9504
242478,0.99319,0.949
242501,0.993284,0.95
242525,0.993382,0.9519
242548,0.993477,0.9499
242572,0.993575,0.942
242595,0.993669,0.9389
242618,0.993763,0.9552
242642,0.993862,0.952
242665,0.993956,0.9529
242689,0.994054,0.9428
242712,0.994148,0.9498
242736,0.994247,0.9468
242759,0.994341,0.951
242782,0.994435,0.9487
242806,0.994533,0.9444
242829,0.994628,0.9575
242853,0.994726,0.9605
242877,0.994824,0.9567
242900,0.994918,0.9445
242923,0.995013,0.9569
242946,0.995107,0.9526
242970,0.995205,0.9492
242994,0.995303,0.9571
243018,0.995402,0.9559
243042,0.9955,0.9579
243064,0.99559,0.942
243088,0.995688,0.948
243112,0.995787,0.9477
243136,0.995885,0.939
243160,0.995983,0.9605
243184,0.996082,0.9607
243208,0.99618,0.9458
243232,0.996278,0.9536
243255,0.996372,0.9586
243278,0.996467,0.9445
243303,0.996569,0.9578
243327,0.996667,0.956
243351,0.996766,0.9441
243373,0.996856,0.9488
243396,0.99695,0.9544
243420,0.997048,0.947
243444,0.997147,0.9424
243468,0.997245,0.954
243492,0.997343,0.9594
243516,0.997442,0.9351
243539,0.997536,0.9526
243563,0.997634,0.9549
243586,0.997728,0.9537
243609,0.997822,0.9472
243632,0.997917,0.9493
243655,0.998011,0.9533
243679,0.998109,0.9443
243701,0.998199,0.9486
243725,0.998298,0.9429
243749,0.998396,0.9612
243772,0.99849,0.955
243797,0.998593,0.9615
243821,0.998691,0.9503
243844,0.998785,0.9415
243868,0.998883,0.9469
243892,0.998982,0.9484
243915,0.999076,0.9482
243939,0.999174,0.9508
243962,0.999268,0.9517
243986,0.999367,0.9477
244010,0.999465,0.9512
244034,0.999563,0.9539
244058,0.999662,0.9557
244082,0.99976,0.9536
244105,0.999854,0.9569
244128,0.999948,0.948
244141,1.000002,0.9448
