prompt,target
"Safe Conduct , however ambitious and well-intentioned , fails to hit the entertainment bull 's - eye .",0
It 's an experience in understanding a unique culture that is presented with universal appeal .,1
"Even if Britney Spears is really cute , her movie is really bad .",0
"All right , so it 's not a brilliant piece of filmmaking , but it is a funny ( sometimes hilarious ) comedy with a deft sense of humor about itself , a playful spirit and a game cast .",1
Fans of Behan 's work and of Irish movies in general will be rewarded by Borstal Boy .,1
"A bittersweet contemporary comedy about benevolent deception , which , while it may not rival the filmmaker 's period pieces , is still very much worth seeing .",1
"All in all , Brown Sugar is a satisfying well-made romantic comedy that 's both charming and well acted .",1
"The storylines are woven together skilfully , the magnificent swooping aerial shots are breathtaking , and the overall experience is awesome .",1
"Scores no points for originality , wit , or intelligence .",0
"As the sulking , moody male hustler in the title role , ( Franco ) has all of Dean 's mannerisms and self-indulgence , but none of his sweetness and vulnerability .",0
A decent-enough nail-biter that stands a good chance of being the big hit Franklin needs to stay afloat in Hollywood .,1
Credibility levels are low and character development a non-starter .,0
Upper West Sidey exercise in narcissism and self-congratulation disguised as a tribute .,0
... one of the more influential works of the ` Korean New Wave ' .,1
Nothing more than four or five mild chuckles surrounded by 86 minutes of overly-familiar and poorly-constructed comedy .,0
It gets old quickly .,0
"In fact , it does n't even seem like she tried .",0
"It 's a spectacular performance - ahem , we hope it 's only acting .",1
"At once subtle and visceral , the film never succumbs to the trap of the maudlin or tearful , offering instead with its unflinching gaze a measure of faith in the future .",1
A movie of riveting power and sadness .,1
"A soggy , shapeless mess ... just a dumb excuse for a waterlogged equivalent of a haunted-house movie .",0
"This miserable excuse of a movie runs on empty , believing Flatbush machismo will get it through .",0
"The obnoxious special effects , the obligatory outbursts of flatulence and the incessant , so-five-minutes-ago pop music on the soundtrack overwhelm what is left of the scruffy , dopey old Hanna-Barbera charm .",0
... the movie is just a plain old monster .,0
What 's most striking about this largely celebratory film ... is the sense of isolation that permeates these bastions of individuality in an Ikea world .,1
It 's Splash without the jokes .,0
` Stock up on silver bullets for director Neil Marshall 's intense freight train of a film . ',1
The movie is ingenious fun .,1
The major problem with Windtalkers is that the bulk of the movie centers on the wrong character .,0
"Ignore the reputation , and ignore the film .",0
"A very long movie , dull in stretches , with entirely too much focus on meal preparation and igloo construction .",0
"Ryan Gosling is , in a word , brilliant as the conflicted Daniel .",1
"The camera soars above the globe in dazzling panoramic shots that make the most of the large-screen format , before swooping down on a string of exotic locales , scooping the whole world up in a joyous communal festival of rhythm .",1
"a bilingual charmer , just like the woman who inspired it",1
A wonderfully speculative character study that made up for its rather slow beginning by drawing me into the picture .,1
"Trite , banal , cliched , mostly inoffensive .",0
Where 's the movie here ?,0
Koepp 's screenplay is n't nearly surprising or clever enough to sustain a reasonable degree of suspense on its own .,0
The subject of swinging still seems ripe for a documentary -- just not this one .,0
"Director Yu seems far more interested in gross-out humor than in showing us well-thought stunts or a car chase that we have n't seen 10,000 times .",0
"Despite suffering a sense-of-humour failure , The Man Who Wrote Rocky does not deserve to go down with a ship as leaky as this .",0
So much about the film is loopy and ludicrous ... that it could have been a hoot in a bad-movie way if the laborious pacing and endless exposition had been tightened .,0
"Shatner is probably the funniest person in the film , which gives you an idea just how bad it was .",0
"wo n't be placed in the pantheon of the best of the swashbucklers but it is a whole lot of fun and you get to see the one of the world 's best actors , Daniel Auteuil , have a whale of a good time .",1
"It 's a clear-eyed portrait of an intensely lived time , filled with nervous energy , moral ambiguity and great uncertainties .",1
"Every time you look , Sweet Home Alabama is taking another bummer of a wrong turn .",0
Greg Kinnear gives a mesmerizing performance as a full-fledged sex addict who is in complete denial about his obsessive behavior .,1
"Though in some ways similar to Catherine Breillat 's Fat Girl , Rain is the far superior film .",1
"Totally overwrought , deeply biased , and wholly designed to make you feel guilty about ignoring what the filmmakers clearly believe are The Greatest Musicians of All Time .",0
"A loud , brash and mainly unfunny high school comedy .",0
"It 's not just a feel-good movie , it 's a feel movie .",1
"The animated subplot keenly depicts the inner struggles of our adolescent heroes - insecure , uncontrolled , and intense .",1
The Komediant is a tale worth catching .,1
"A good film with a solid pedigree both in front of and , more specifically , behind the camera .",1
"As an introduction to the man 's theories and influence , Derrida is all but useless ; as a portrait of the artist as an endlessly inquisitive old man , however , it 's invaluable .",1
Viewers of Barney 's crushingly self-indulgent spectacle will see nothing in it to match the ordeal of sitting through it .,0
"Russell lacks the visual panache , the comic touch , and perhaps the budget of Sommers 's title-bout features .",0
Perhaps the best sports movie I 've ever seen .,1
"In the new release of Cinema Paradiso , the tale has turned from sweet to bittersweet , and when the tears come during that final , beautiful scene , they finally feel absolutely earned .",1
The most amazing super-sized dosage of goofball stunts any `` Jackass '' fan could want .,1
"It 's really yet another anemic and formulaic Lethal Weapon-derived buddy-cop movie , trying to pass off its lack of imagination as hip knowingness .",0
One-sided documentary offers simplistic explanations to a very complex situation .,0
But Toback 's deranged immediacy makes it seem fresh again .,1
It 's loud and boring ; watching it is like being trapped at a bad rock concert .,0
"Flashy gadgets and whirling fight sequences may look cool , but they ca n't distract from the flawed support structure holding Equilibrium up .",0
"It 's usually a bad sign when directors abandon their scripts and go where the moment takes them , but Olympia , Wash. , based filmmakers Anne de Marcken and Marilyn Freeman did just that and it 's what makes their project so interesting .",1
Until its final minutes this is a perceptive study of two families in crisis -- and of two girls whose friendship is severely tested by bad luck and their own immaturity .,0
"Even if you do n't know the band or the album 's songs by heart , you will enjoy seeing how both evolve , and you will also learn a good deal about the state of the music business in the 21st Century .",1
"Priggish , lethargically paced parable of renewal .",0
It never fails to engage us .,1
"The far future may be awesome to consider , but from period detail to matters of the heart , this film is most transporting when it stays put in the past .",1
"Art-house to the core , Read My Lips is a genre-curling crime story that revives the free-wheeling noir spirit of old French cinema .",1
"This film was made to get laughs from the slowest person in the audience -- just pure slapstick with lots of inane , inoffensive screaming and exaggerated facial expressions .",0
"If you go into the theater expecting a scary , action-packed chiller , you might soon be looking for a sign .",0
Gives everyone something to shout about .,1
"Bartleby is a one-joke movie , and a bad joke at that .",0
"Like all of Egoyan 's work , Ararat is fiercely intelligent and uncommonly ambitious .",1
"What 's most refreshing about Real Women Have Curves is its unforced comedy-drama and its relaxed , natural-seeming actors .",1
Nothing more than a stifling morality tale dressed up in peekaboo clothing .,0
Skip this turd and pick your nose instead because you 're sure to get more out of the latter experience .,0
"Divertingly ridiculous , headbangingly noisy .",0
The history is fascinating ; the action is dazzling .,1
The uneven movie does have its charms and its funny moments but not quite enough of them .,0
"The film , while not exactly assured in its execution , is notable for its sheer audacity and openness .",1
"... once the true impact of the day unfolds , the power of this movie is undeniable .",1
"Though it 's not very well shot or composed or edited , the score is too insistent and the dialogue is frequently overwrought and crudely literal , the film shatters you in waves .",0
The Master of Disguise represents Adam Sandler 's latest attempt to dumb down the universe .,0
"Barney 's ideas about creation and identity do n't really seem all that profound , at least by way of what can be gleaned from this three-hour endurance test built around an hour 's worth of actual material .",0
"Imagine a film that begins as a Seven rip-off , only to switch to a mix of The Shining , The Thing , and any naked teenagers horror flick from the 1980s .",0
"A ` Girls Gone Wild ' video for the boho art-house crowd , The Burning Sensation is n't a definitive counter-cultural document -- its makers are n't removed and inquisitive enough for that .",0
works on the whodunit level as its larger themes get lost in the murk of its own making,0
"While it 's nothing we have n't seen before from Murphy , I Spy is still fun and enjoyable and so aggressively silly that it 's more than a worthwhile effort .",1
"Time stands still in more ways that one in Clockstoppers , a sci-fi thriller as lazy as it is interminable .",0
Audiard successfully maintains suspense on different levels throughout a film that is both gripping and compelling .,1
"Even on its own ludicrous terms , The Sum of All Fears generates little narrative momentum , and invites unflattering comparisons to other installments in the Ryan series .",0
The banter between Calvin and his fellow barbers feels like a streetwise McLaughlin Group ... and never fails to entertain .,1
"The screenplay is hugely overwritten , with tons and tons of dialogue -- most of it given to children .",0
Kudos to the most enchanting film of the year .,1
"Because the intelligence level of the characters must be low , very low , very very low , for the masquerade to work , the movie contains no wit , only labored gags .",0
It wants to tweak them with a taste of tangy new humor .,1
"It 's an effort to watch this movie , but it eventually pays off and is effective if you stick with it .",1
"You come away thinking not only that Kate is n't very bright , but that she has n't been worth caring about and that maybe she , Janine and Molly -- an all-woman dysfunctional family -- deserve one another .",0
"Mr. Wollter and Ms. Seldhal give strong and convincing performances , but neither reaches into the deepest recesses of the character to unearth the quaking essence of passion , grief and fear .",0
It may as well be called `` Jar-Jar Binks : The Movie . '',0
"Overall , it 's a very entertaining , thought-provoking film with a simple message : God is love .",1
I 'd give real money to see the perpetrators of Chicago torn apart by dingoes .,0
I do n't think I 've been as entranced and appalled by an Asian film since Shinya Tsukamoto 's Iron Man .,1
"An entertaining , colorful , action-filled crime story with an intimate heart .",1
Tries to work in the same vein as the brilliance of Animal House but instead comes closer to the failure of the third Revenge of the Nerds sequel .,0
"If you 're looking for a story , do n't bother .",0
"The most wondrous love story in years , it is a great film .",1
"All the Queen 's Men is a throwback war movie that fails on so many levels , it should pay reparations to viewers .",0
Any enjoyment will be hinge from a personal threshold of watching sad but endearing characters do extremely unconventional things .,1
A moving and stark reminder that the casualties of war reach much further than we imagine .,1
Now it 's just tired .,0
"Although based on a real-life person , John , in the movie , is a rather dull person to be stuck with for two hours .",0
The film 's intimate camera work and searing performances pull us deep into the girls ' confusion and pain as they struggle tragically to comprehend the chasm of knowledge that 's opened between them .,1
More trifle than triumph .,0
( Sen 's ) soap opera-ish approach undermines his good intentions .,0
A coming-of-age movie that Hollywood would n't have the guts to make .,1
"Astonishing is n't the word -- neither is incompetent , incoherent or just plain crap .",0
"Ms. Phoenix is completely lacking in charm and charisma , and is unable to project either Esther 's initial anomie or her eventual awakening .",0
About Schmidt is undoubtedly one of the finest films of the year .,1
"More successful at relating history than in creating an emotionally complex , dramatically satisfying heroine",0
"Too loud , too long and too frantic by half , Die Another Day suggests that the Bond franchise has run into a creative wall that 007 can not fly over , tunnel under or barrel through .",0
"Enormously likable , partly because it is aware of its own grasp of the absurd .",1
Too bad Kramer could n't make a guest appearance to liven things up .,0
"White Oleander may leave you rolling your eyes in the dark , but that does n't mean you wo n't like looking at it .",1
"An enjoyable , if occasionally flawed , experiment .",1
Captures the raw comic energy of one of our most flamboyant female comics .,1
See it .,1
"` Moore is like a progressive bull in a china shop , a provocateur crashing into ideas and special-interest groups as he slaps together his own brand of liberalism . '",0
An uneasy mix of run-of-the-mill raunchy humor and seemingly sincere personal reflection .,0
Millions of dollars heaped upon a project of such vast proportions need to reap more rewards than spiffy bluescreen technique and stylish weaponry .,0
Really quite funny .,1
"Although Disney follows its standard formula in this animated adventure , it feels more forced than usual .",0
"Watching this film , one is left with the inescapable conclusion that Hitchens ' obsession with Kissinger is , at bottom , a sophisticated flower child 's desire to purge the world of the tooth and claw of human power .",1
Farrell ... thankfully manages to outshine the role and successfully plays the foil to Willis 's world-weary colonel .,1
The lead actors share no chemistry or engaging charisma .,0
"If Disney 's Cinderella proved that ' a dream is a wish your heart makes , ' then Cinderella II proves that a nightmare is a wish a studio 's wallet makes .",0
"Try as you might to resist , if you 've got a place in your heart for Smokey Robinson , this movie will worm its way there .",1
The Transporter bombards the viewer with so many explosions and side snap kicks that it ends up being surprisingly dull .,0
One of the most genuinely sweet films to come along in quite some time .,1
The only young people who possibly will enjoy it are infants ... who might be distracted by the movie 's quick movements and sounds .,0
"In the not-too-distant future , movies like Ghost Ship will be used as analgesic balm for overstimulated minds .",0
"Audiences conditioned to getting weepy over saucer-eyed , downy-cheeked moppets and their empathetic caretakers will probably feel emotionally cheated by the film 's tart , sugar-free wit .",0
"This familiar rise-and-fall tale is long on glamour and short on larger moralistic consequences , though it 's told with sharp ears and eyes for the tenor of the times .",1
"One Hour Photo may seem disappointing in its generalities , but it 's the little nuances that perhaps had to escape from director Mark Romanek 's self-conscious scrutiny to happen , that finally get under your skin .",0
"Ignoring that , he made Swimfan anyway",0
"Sorority Boys , which is as bad at it is cruel , takes every potential laugh and stiletto-stomps the life out of it .",0
"Although I did n't hate this one , it 's not very good either .",0
"It 's coherent , well shot , and tartly acted , but it wears you down like a dinner guest showing off his doctorate .",0
"... plenty of warmth to go around , with music and laughter and the love of family .",1
"A fascinating , unnerving examination of the delusions of one unstable man .",1
"Reassuring , retro uplifter .",1
It 's a sharp movie about otherwise dull subjects .,1
"The film is powerful , accessible and funny .",1
"In execution , this clever idea is far less funny than the original , Killers From Space .",0
"It 's the cinematic equivalent of a good page-turner , and even if it 's nonsense , its claws dig surprisingly deep .",1
"It 's like Rocky and Bullwinkle on Speed , but that 's neither completely enlightening , nor does it catch the intensity of the movie 's strangeness .",0
"All the performances are top notch and , once you get through the accents , All or Nothing becomes an emotional , though still positive , wrench of a sit .",1
"This documentary is a dazzling , remarkably unpretentious reminder of what ( Evans ) had , lost , and got back .",1
"Feels like the work of someone who may indeed have finally aged past his prime ... and , perhaps more than he realizes , just wants to be liked by the people who can still give him work .",0
"The premise of `` Abandon '' holds promise , ... but its delivery is a complete mess .",0
"Boasts a handful of virtuosic set pieces and offers a fair amount of trashy , kinky fun .",1
"Although God Is Great addresses interesting matters of identity and heritage , it 's hard to shake the feeling that it was intended to be a different kind of film .",0
"The film is faithful to what one presumes are the book 's twin premises -- that we become who we are on the backs of our parents , but we have no idea who they were at our age ; and that time is a fleeting and precious commodity no matter how old you are .",1
"The tone is balanced , reflective and reasonable .",1
Watching it is rather like an overlong visit from a large group of your relatives .,0
The kids often appear to be reading the lines and are incapable of conveying any emotion .,0
The logic of it all will be Greek to anyone not predisposed to the movie 's rude and crude humor .,0
Diane Lane works nothing short of a minor miracle in Unfaithful .,1
"None of this is very original , and it is n't particularly funny .",0
Huppert and Girardot give performances of exceptional honesty .,1
"... it was n't the subject matter that ultimately defeated the film ... It was the unfulfilling , incongruous , `` wait a second , did I miss something ? ''",0
They ought to be a whole lot scarier than they are in this tepid genre offering .,0
You could easily mistake it for a sketchy work-in-progress that was inexplicably rushed to the megaplexes before its time .,0
"When the first few villians are introduced as `` Spider '' and `` Snake '' you know you 're in for a real winner , creativity at its peak .",0
( The Cockettes ) provides a window into a subculture hell-bent on expressing itself in every way imaginable . ',1
"A sham construct based on theory , sleight-of-hand , and ill-wrought hypothesis .",0
"It 's an ambitious film , and as with all ambitious films , it has some problems .",1
Ararat feels like a book report,0
The film is impressive for the sights and sounds of the wondrous beats the world has to offer .,1
"Rather quickly , the film falls into a soothing formula of brotherly conflict and reconciliation .",1
Pleasant but not more than recycled jock piffle .,0
Corpus Collosum -- while undeniably interesting -- wore out its welcome well before the end credits rolled about 45 minutes in .,0
"A tender , heartfelt family drama .",1
"The film just might turn on many people to opera , in general , an art form at once visceral and spiritual , wonderfully vulgar and sublimely lofty -- and as emotionally grand as life .",1
"The title not only describes its main characters , but the lazy people behind the camera as well .",0
"Though it lacks the utter authority of a genre gem , there 's a certain robustness to this engaging mix of love and bloodletting .",1
"While Super Troopers is above Academy standards , its quintet of writers could still use some more schooling .",0
"It does n't make for great cinema , but it is interesting to see where one 's imagination will lead when given the opportunity .",0
A charming yet poignant tale of the irrevocable ties that bind .,1
It rapidly develops into a gut-wrenching examination of the way cultural differences and emotional expectations collide .,1
Villeneuve spends too much time wallowing in Bibi 's generic angst ( there are a lot of shots of her gazing out windows ) .,0
"Told in scattered fashion , the movie only intermittently lives up to the stories and faces and music of the men who are its subject .",0
"Well-nigh unendurable ... though the picture strains to become cinematic poetry , it remains depressingly prosaic and dull .",0
Overall very good for what it 's trying to do .,1
A devastating indictment of unbridled greed and materalism .,0
"This extremely unfunny film clocks in at 80 minutes , but feels twice as long .",0
Friday After Next has the same problem that Next Friday did -- it 's called Where 's Chris Tucker When You Need Him ?,0
"A delectable and intriguing thriller filled with surprises , Read My Lips is an original .",1
A spooky yarn of demonic doings on the high seas that works better the less the brain is engaged .,0
Diane Lane shines in Unfaithful .,1
Its one-sidedness ... flirts with propaganda .,0
"There is no substitute for on-screen chemistry , and when Friel pulls the strings that make Williams sink into melancholia , the reaction in Williams is as visceral as a gut punch .",1
"It 's a decent glimpse into a time period , and an outcast , that is no longer accessible , but it does n't necessarily shed more light on its subject than the popular predecessor .",1
"... with the candy-like taste of it fading faster than 25-cent bubble gum , I realized this is a throwaway movie that wo n't stand the test of time .",0
It is too bad that this likable movie is n't more accomplished .,0
"A shame that Stealing Harvard is too busy getting in its own way to be anything but frustrating , boring , and forgettable .",0
A compelling motion picture that illustrates an American tragedy .,1
( `` Take Care of My Cat '' ) is an honestly nice little film that takes us on an examination of young adult life in urban South Korea through the hearts and minds of the five principals .,1
A bold ( and lovely ) experiment that will almost certainly bore most audiences into their own brightly colored dreams .,1
"For all its technical virtuosity , the film is so mired in juvenile and near-xenophobic pedagogy that it 's enough to make one pine for the day when Godard can no longer handle the rigors of filmmaking .",0
"In Fessenden 's horror trilogy , this theme has proved important to him and is especially so in the finale .",1
What a great shame that such a talented director as Chen Kaige has chosen to make his English-language debut with a film so poorly plotted and scripted .,0
"A delightful surprise because despite all the backstage drama , this is a movie that tells stories that work -- is charming , is moving , is funny and looks professional .",1
The mantra behind the project seems to have been ` it 's just a kids ' flick . ',0
The best that can be said about the work here of Scottish director Ritchie ... is that he obviously does n't have his heart in it .,0
"Too much of this well-acted but dangerously slow thriller feels like a preamble to a bigger , more complicated story , one that never materializes .",0
Offers a persuasive look at a defeated but defiant nation in flux .,1
Aggravating and tedious .,0
"The direction has a fluid , no-nonsense authority , and the performances by Harris , Phifer and Cam ` ron seal the deal .",1
"The so-inept - it 's - surreal dubbing ( featuring the voices of Glenn Close , Regis Philbin and Breckin Meyer ) brings back memories of cheesy old Godzilla flicks .",0
"Complete lack of originality , cleverness or even visible effort",0
"It 's predictable , but it jumps through the expected hoops with style and even some depth .",1
"Only an epic documentary could get it all down , and Spike Lee 's Jim Brown : All American at long last gives its subject a movie worthy of his talents .",1
"The wonderfully lush Morvern Callar is pure punk existentialism , and Ms. Ramsay and her co-writer , Liana Dognini , have dramatized the Alan Warner novel , which itself felt like an answer to Irvine Welsh 's book Trainspotting .",1
And for all the wrong reasons besides .,0
"A welcome relief from baseball movies that try too hard to be mythic , this one is a sweet and modest and ultimately winning story .",1
"Anyone else who may , for whatever reason , be thinking about going to see this movie is hereby given fair warning .",0
It 's hard to imagine another director ever making his wife look so bad in a major movie .,0
It wears its heart on the sleeve of its gaudy Hawaiian shirt .,0
De Niro may enjoy the same free ride from critics afforded to Clint Eastwood in the lazy Bloodwork .,0
The footage of the rappers at play and the prison interview with Suge Knight are just two of the elements that will grab you .,1
"I 've never seen or heard anything quite like this film , and I recommend it for its originality alone .",1
One lousy movie .,0
Judith and Zaza 's extended bedroom sequence ... is so intimate and sensual and funny and psychologically self-revealing that it makes most of what passes for sex in the movies look like cheap hysterics .,1
"Like life on the island , the movie grows boring despite the scenery .",0
"Left me with the visceral sensation of longing , lasting traces of Charlotte 's web of desire and desperation .",1
"There 's no palpable chemistry between Lopez and male lead Ralph Fiennes , plus the script by Working Girl scribe Kevin Wade is workmanlike in the extreme .",0
"This is n't my favorite in the series , still I enjoyed it enough to recommend .",1
Rodriguez does a splendid job of racial profiling Hollywood style -- casting excellent Latin actors of all ages -- a trend long overdue .,1
K-19 exploits our substantial collective fear of nuclear holocaust to generate cheap Hollywood tension .,0
"Merely ( and literally ) tosses around sex toys and offers half-hearted paeans to empowerment that are repeatedly undercut by the brutality of the jokes , most at women 's expense .",0
"Whatever Eyre 's failings as a dramatist , he deserves credit for bringing audiences into this hard and bitter place .",1
Moot point .,0
Sexy and romantic .,1
"This is an extraordinary film , not least because it is Japanese and yet feels universal .",1
"The characters ... are paper-thin , and their personalities undergo radical changes when it suits the script .",0
Not good enough to pass for a litmus test of the generation gap and not bad enough to repulse any generation of its fans .,0
"It 's an example of sophisticated , challenging filmmaking that stands , despite its noticeable lack of emotional heft , in welcome contrast to the indulgent dead-end experimentation of the director 's previous Full Frontal .",1
( Tries ) to parody a genre that 's already a joke in the United States .,0
I cry for I Spy -- or I would if this latest and laziest imaginable of all vintage-TV spinoffs were capable of engendering an emotional response of any kind .,0
It 's easy to love Robin Tunney -- she 's pretty and she can act -- but it gets harder and harder to understand her choices .,0
"A wild , endearing , masterful documentary .",1
American Chai encourages rueful laughter at stereotypes only an Indian-American would recognize .,0
Get out your pooper-scoopers .,0
I 'm giving it thumbs down due to the endlessly repetitive scenes of embarrassment .,0
"It 's both degrading and strangely liberating to see people working so hard at leading lives of sexy intrigue , only to be revealed by the dispassionate Gantz brothers as ordinary , pasty lumpen .",1
Time of Favor could have given audiences the time of day by concentrating on the elements of a revealing alienation among a culture of people who sadly are at hostile odds with one another through recklessness and retaliation .,0
Showtime is closer to Slowtime .,0
A refreshing change from the usual whoopee-cushion effort aimed at the youth market .,1
"It 's a sweet , laugh-a-minute crowd pleaser that lifts your spirits as well as the corners of your mouth .",1
Clare Peploe 's airless movie adaptation could use a little American Pie-like irreverence .,0
"When twentysomething hotsies make movies about their lives , hard-driving narcissism is a given , but what a world we 'd live in if Argento 's Hollywood counterparts ... had this much imagination and nerve .",1
"Comes across as a relic from a bygone era , and its convolutions ... feel silly rather than plausible .",0
"An inconsequential , barely there bit of piffle .",0
"The movie turns out to be ( Assayas ' ) homage to the Gallic ` tradition of quality , ' in all its fusty squareness .",0
An opportunity missed .,0
"An unbelievably stupid film , though occasionally fun enough to make you forget its absurdity .",0
"Feature debuter D.J. Caruso directs a crack ensemble cast , bringing screenwriter Tony Gayton 's narcotics noir to life .",1
... the story simply putters along looking for astute observations and coming up blank .,0
"A hugely rewarding experience that 's every bit as enlightening , insightful and entertaining as Grant 's two best films -- Four Weddings and a Funeral and Bridget Jones 's Diary .",1
This is n't a `` Friday '' worth waiting for .,0
or maybe `` How will you feel after an 88-minute rip-off of The Rock with action confined to slo-mo gun firing and random glass-shattering ? '',0
"An intelligent and deeply felt work about impossible , irrevocable choices and the price of making them .",1
A long-winded and stagy session of romantic contrivances that never really gels like the shrewd feminist fairy tale it could have been .,0
"This concoction , so bizarre to the adult mind , is actually a charming triumph where its intended under-12 audience is concerned .",1
Steven Spielberg brings us another masterpiece,1
"If you saw it on TV , you 'd probably turn it off , convinced that you had already seen that movie .",0
"One of those rare films that come by once in a while with flawless amounts of acting , direction , story and pace .",1
Writer-director Ritchie reduces Wertmuller 's social mores and politics to tiresome jargon .,0
All the small moments and flashbacks do n't add up to much more than trite observations on the human condition .,0
The comedy Death to Smoochy is a rancorous curiosity : a movie without an apparent audience .,0
Even those of a single digit age will be able to recognize that this story is too goofy ... even for Disney .,0
"A long-winded , predictable scenario .",0
Old-form moviemaking at its best .,1
"Sheridan is painfully bad , a fourth-rate Jim Carrey who does n't understand the difference between dumb fun and just plain dumb .",0
The film ... presents classic moral-condundrum drama : What would you have done to survive ?,1
The Ring never lets you off the hook .,1
Where their heads were is anyone 's guess .,0
It 's Quaid who anchors the film with his effortless performance and that trademark grin of his -- so perfect for a ballplayer .,1
"Unlike the nauseating fictions peddled by such ` Have-yourself-a-happy-little-Holocaust ' movies as Life Is Beautiful and Jakob the Liar , The Grey Zone is honest enough to deny the possibility of hope in Auschwitz .",1
The result is something quite fresh and delightful .,1
"The Château would have been benefited from a sharper , cleaner script before it went in front of the camera .",0
Culkin exudes none of the charm or charisma that might keep a more general audience even vaguely interested in his bratty character .,0
"This mild-mannered farce , directed by one of its writers , John C. Walsh , is corny in a way that bespeaks an expiration date passed a long time ago .",0
"Family portrait of need , neurosis and nervy negativity is a rare treat that shows the promise of digital filmmaking .",1
It 's hard to imagine that even very small children will be impressed by this tired retread .,0
The only thing that distinguishes a Randall Wallace film from any other is the fact that there is nothing distinguishing in a Randall Wallace film .,0
This movie plays like an extended dialogue exercise in Retard 101 .,0
"Despite the opulent lushness of every scene , the characters never seem to match the power of their surroundings .",0
... digs beyond the usual portrayals of good kids and bad seeds to reveal a more ambivalent set of characters and motivations .,1
Nothing but an episode of Smackdown !,0
"Ill-considered , unholy hokum .",0
But it does somehow manage to get you under its spell .,1
"( T ) here 's only so much anyone can do with a florid , overplotted , Anne Rice rock 'n' roll vampire novel before the built-in silliness of the whole affair defeats them .",0
"Beyond the cleverness , the weirdness and the pristine camerawork , One Hour Photo is a sobering meditation on why we take pictures .",1
"A timid , soggy near miss .",0
"If nothing else , this movie introduces a promising , unusual kind of psychological horror .",1
I ca n't remember the last time I saw worse stunt editing or cheaper action movie production values than in Extreme Ops .,0
An unintentionally surreal kid 's picture ... in which actors in bad bear suits enact a sort of inter-species parody of a VH1 Behind the Music episode .,0
Not to mention absolutely refreshed .,1
` Opening up ' the play more has partly closed it down .,0
"In between the icy stunts , the actors spout hilarious dialogue about following your dream and ` just letting the mountain tell you what to do . '",1
"The overall effect is so completely inane that one would have to be mighty bored to even think of staying with this for more than , say , ten ... make that three minutes .",0
"It 's dull , spiritless , silly and monotonous : an ultra-loud blast of pointless mayhem , going nowhere fast .",0
A film with contemporary political resonance illustrated by a winning family story .,1
The whole thing plays like a tired Tyco ad .,0
The use of CGI and digital ink-and-paint make the thing look really slick .,1
"It does n't take a rocket scientist to figure out that this is a Mormon family movie , and a sappy , preachy one at that .",0
A harmless and mildly amusing family comedy .,1
"Manages to transcend the sex , drugs and show-tunes plot into something far richer .",1
Serious and thoughtful .,1
"Extreme Oops - oops , ops , no matter how you spell it , it 's still a mistake to go see it .",0
"Although it tries to be much more , it 's really just another Major League .",0
"While the Resident Evil games may have set new standards for thrills , suspense , and gore for video games , the movie really only succeeds in the third of these .",0
"Witty and often surprising , a dark little morality tale disguised as a romantic comedy .",1
"An eye-boggling blend of psychedelic devices , special effects and backgrounds , ` Spy Kids 2 ' is a visual treat for all audiences .",1
"( Jeff 's ) gorgeous , fluid compositions , underlined by Neil Finn and Edmund McWilliams 's melancholy music , are charged with metaphor , but rarely easy , obvious or self-indulgent .",1
"It is a happy , heady jumble of thought and storytelling , an insane comic undertaking that ultimately coheres into a sane and breathtakingly creative film .",1
Many a parent and their teen ( or preteen ) kid could bond while watching A Walk To Remember .,1
"And Lee seems just as expectant of an adoring , wide-smiling reception .",1
"After seeing SWEPT AWAY , I feel sorry for Madonna .",0
"On its icy face , the new film is a subzero version of Monsters , Inc. , without the latter 's imagination , visual charm or texture .",0
"Triple X is a double agent , and he 's one bad dude .",1
"A distinctly mixed bag , the occasional bursts of sharp writing alternating with lots of sloppiness and the obligatory moments of sentimental ooze .",0
"She nearly glows with enthusiasm , sensuality and a conniving wit .",1
The amazing film work is so convincing that by movies ' end you 'll swear you are wet in some places and feel sand creeping in others .,1
It 's just incredibly dull .,0
"Ponderous , plodding soap opera disguised as a feature film .",0
A small gem from Belgium .,1
This is n't a new idea .,0
Big Fat Liar is just futile silliness looking to tap into the kiddie sensibilities .,0
"A warm , funny , engaging film .",1
One of the greatest films I 've ever seen .,1
A riveting documentary .,1
Sushi for the connoisseurs of the macabre .,0
"Patchy combination of soap opera , low-tech magic realism and , at times , ploddingly sociological commentary .",0
A dark comedy that goes for sick and demented humor simply to do so .,0
"A movie I loved on first sight and , even more important , love in remembrance .",1
There 's suspension of disbelief and then there 's bad screenwriting ... this film packs a wallop of the latter .,0
"` Yes , that 's right : it 's Forrest Gump , Angel Of Death . '",1
"The film has an infectious enthusiasm and we 're touched by the film 's conviction that all life centered on that place , that time and that sport .",1
"The waterlogged script plumbs uncharted depths of stupidity , incoherence and sub-sophomoric sexual banter .",0
Predictably soulless techno-tripe .,0
Kapur weighs down the tale with bogus profundities .,0
"Short-story quaint , touchingly mending a child 's pain for his dead mother via communication with an old woman straight out of Eudora Welty .",1
"Lathan and Diggs carry the film with their charisma , and both exhibit sharp comic timing that makes the more hackneyed elements of the film easier to digest .",1
The movie is as padded as Allen 's jelly belly .,0
An interesting look behind the scenes of Chicago-based rock group Wilco ...,1
Arguably the year 's silliest and most incoherent movie .,0
A sequel that 's much too big for its britches .,0
"` Film aficionados can not help but love Cinema Paradiso , whether the original version or new Director 's Cut . '",1
"You come away from his film overwhelmed , hopeful and , perhaps paradoxically , illuminated .",1
The script manages the rare trick of seeming at once both refreshingly different and reassuringly familiar .,1
"Works hard to establish rounded characters , but then has nothing fresh or particularly interesting to say about them .",0
"You emerge dazed , confused as to whether you 've seen pornography or documentary .",0
"For VeggieTales fans , this is more appetizing than a side dish of asparagus .",1
A tasty masala .,1
"This rich , bittersweet Israeli documentary , about the life of song-and-dance-man Pasach ` ke Burstein and his family , transcends ethnic lines .",1
Anyone who ever fantasized about space travel but ca n't afford the $ 20 million ticket to ride a Russian rocket should catch this IMAX offering .,1
"It would be churlish to begrudge anyone for receiving whatever consolation that can be found in Dragonfly , yet it is impossible to find the film anything but appalling , shamelessly manipulative and contrived , and totally lacking in conviction .",0
Those with a modicum of patience will find in these characters ' foibles a timeless and unique perspective .,1
"He does n't , however , deliver nearly enough of the show 's trademark style and flash .",0
A little more intensity and a little less charm would have saved this film a world of hurt .,0
"But though he only scratches the surface , at least he provides a strong itch to explore more .",1
"While I ca n't say it 's on par with the first one , Stuart Little 2 is a light , fun cheese puff of a movie .",1
"Secret Ballot is a funny , puzzling movie ambiguous enough to be engaging and oddly moving .",1
"A deft , delightful mix of sulky teen drama and overcoming-obstacles sports-movie triumph .",1
For dance completists only .,0
"Hatosy ... portrays young Brendan with his usual intelligence and subtlety , not to mention a convincing brogue .",1
"The fascination comes in the power of the Huston performance , which seems so larger than life and yet so fragile , and in the way the Ivan character accepts the news of his illness so quickly but still finds himself unable to react .",1
"In the end , the movie collapses on its shaky foundation despite the best efforts of director Joe Carnahan .",0
"Although fairly involving as far as it goes , the film does n't end up having much that is fresh to say about growing up Catholic or , really , anything .",0
"It represents better-than-average movie-making that does n't demand a dumb , distracted audience .",1
"A film really has to be exceptional to justify a three hour running time , and this is n't .",0
The movie is without intent .,0
"Leave it to the French to truly capture the terrifying angst of the modern working man without turning the film into a cheap thriller , a dumb comedy or a sappy melodrama .",1
"Nair 's cast is so large it 's Altman-esque , but she deftly spins the multiple stories in a vibrant and intoxicating fashion .",1
"The movie is brilliant , really .",1
"The weight of the piece , the unerring professionalism of the chilly production , and the fascination embedded in the lurid topic prove recommendation enough .",1
It should be mentioned that the set design and interiors of the haunted vessel are more than effectively creepy and moodily lit .,1
"The film is old-fashioned , occasionally charming and as subtle as boldface .",1
Daughter From Danang reveals that efforts toward closure only open new wounds .,0
"Further proof that the epicenter of cool , beautiful , thought-provoking foreign cinema is smack-dab in the middle of Dubya 's Axis of Evil .",1
( The film 's ) taste for `` shock humor '' will wear thin on all but those weaned on the comedy of Tom Green and the Farrelly Brothers .,0
This is one of those war movies that focuses on human interaction rather than battle and action sequences ... and it 's all the stronger because of it .,1
"Juliette Binoche 's Sand is vivacious , but it 's hard to sense that powerhouse of 19th-century prose behind her childlike smile .",1
"Charlie Hunnam has the twinkling eyes , repressed smile and determined face needed to carry out a Dickensian hero .",1
"Several uninteresting , unlikeable people do bad things to and with each other in `` Unfaithful . ''",0
"Alas , getting there is not even half the interest .",0
"For its seriousness , high literary aspirations and stunning acting , the film can only be applauded .",1
"With the dog days of August upon us , think of this dog of a movie as the cinematic equivalent of high humidity .",0
"The art direction is often exquisite , and the anthropomorphic animal characters are beautifully realized through clever makeup design , leaving one to hope that the eventual DVD release will offer subtitles and the original Italian-language soundtrack .",1
"There 's no conversion effort , much of the writing is genuinely witty and both stars are appealing enough to probably have a good shot at a Hollywood career , if they want one .",1
"The film contains no good jokes , no good scenes , barely a moment when Carvey 's Saturday Night Live-honed mimicry rises above the level of embarrassment .",0
"A fascinating , bombshell documentary that should shame Americans , regardless of whether or not ultimate blame finally lies with Kissinger .",1
"Unfortunately , One Hour Photo lives down to its title .",0
"Not only a reminder of how they used to make movies , but also how they sometimes still can be made .",1
Impostor is a step down for director Gary Fleder .,0
Offers a breath of the fresh air of true sophistication .,1
"No , it 's not nearly as good as any of its influences .",0
"This is a shameless sham , calculated to cash in on the popularity of its stars .",0
The movie is a trove of delights .,1
"Aside from Rohmer 's bold choices regarding point of view , The Lady and the Duke represents the filmmaker 's lifelong concern with formalist experimentation in cinematic art .",1
"Though this saga would be terrific to read about , it is dicey screen material that only a genius should touch .",1
Steven Soderbergh does n't remake Andrei Tarkovsky 's Solaris so much as distill it .,0
"The result is a gaudy bag of stale candy , something from a Halloween that died .",0
Often hilarious .,1
"There 's some good material in their story about a retail clerk wanting more out of life , but the movie too often spins its wheels with familiar situations and repetitive scenes .",0
"Captures all the longing , anguish and ache , the confusing sexual messages and the wish to be a part of that elusive adult world .",1
Features one of the most affecting depictions of a love affair ever committed to film .,1
"You would n't want to live waydowntown , but it is a hilarious place to visit .",1
Is n't it great ?,1
"The story is predictable , the jokes are typical Sandler fare , and the romance with Ryder is puzzling .",0
The film is a travesty of the genre and even as spoof takes itself too seriously .,0
"Expect no major discoveries , nor any stylish sizzle , but the film sits with square conviction and touching good sense on the experience of its women .",1
( A ) stale retread of the '53 original .,0
This painfully unfunny farce traffics in tired stereotypes and encumbers itself with complications ... that have no bearing on the story .,0
"Myers never knows when to let a gag die ; thus , we 're subjected to one mind-numbingly lengthy riff on poo and pee jokes after another .",0
"We assume he had a bad run in the market or a costly divorce , because there is no earthly reason other than money why this distinguished actor would stoop so low .",0
"No , it 's not as single-minded as John Carpenter 's original , but it 's sure a lot smarter and more unnerving than the sequels .",1
Constantly slips from the grasp of its maker .,0
"If you 're over 25 , have an IQ over 90 , and have a driver 's license , you should be able to find better entertainment .",0
"Aloof and lacks any real raw emotion , which is fatal for a film that relies on personal relationships .",0
"The production has been made with an enormous amount of affection , so we believe these characters love each other .",1
Stiff and schmaltzy and clumsily directed .,0
"Some Body will take you places you have n't been , and also places you have .",1
"Barney has created a tour de force that is weird , wacky and wonderful .",1
Intriguing documentary which is emotionally diluted by focusing on the story 's least interesting subject .,1
"One of those pictures whose promising , if rather precious , premise is undercut by amateurish execution .",0
Matters play out realistically if not always fairly .,1
May be spoofing an easy target -- those old ' 50 's giant creature features -- but ... it acknowledges and celebrates their cheesiness as the reason why people get a kick out of watching them today .,1
And they succeed merrily at their noble endeavor .,1
"Director Paul Cox 's unorthodox , abstract approach to visualizing Nijinsky 's diaries is both stimulating and demanding .",1
"The streets , shot by cinematographer Michael Ballhaus , may be as authentic as they are mean , but it is nearly impossible to care about what happens on them .",0
There 's much tongue in cheek in the film and there 's no doubt the filmmaker is having fun with it all .,1
"Once the expectation of laughter has been quashed by whatever obscenity is at hand , even the funniest idea is n't funny .",0
"Unfortunately , Heartbreak Hospital wants to convey the same kind of haughtiness in its own sketchy material but this territory has already been explored previously with better aplomb and sardonic wit .",0
"Spectacularly beautiful , not to mention mysterious , sensual , emotionally intense , and replete with virtuoso throat-singing .",1
"You may think you have figured out the con and the players in this debut film by Argentine director Fabian Bielinsky , but while you were thinking someone made off with your wallet .",0
Writer-director Juan Carlos Fresnadillo makes a feature debut that is fully formed and remarkably assured .,1
A moody horror/thriller elevated by deft staging and the director 's well-known narrative gamesmanship .,1
"It 's Tommy 's job to clean the peep booths surrounding her , and after viewing this one , you 'll feel like mopping up , too .",0
"A captivatingly quirky hybrid of character portrait , romantic comedy and beat-the-clock thriller .",1
"Making such a tragedy the backdrop to a love story risks trivializing it , though Chouraqui no doubt intended the film to affirm love 's power to help people endure almost unimaginable horror .",1
Unflinchingly bleak and desperate,0
The film 's center will not hold .,0
Adam Sandler is to Gary Cooper what a gnat is to a racehorse .,0
"Places a slightly believable love triangle in a difficult-to-swallow setting , and then disappointingly moves the story into the realm of an improbable thriller .",0
"MacDowell ... gives give a solid , anguished performance that eclipses nearly everything else she 's ever done .",1
A solid film ... but more conscientious than it is truly stirring .,1
"Birthday Girl lucks out with Chaplin and Kidman , who are capable of anteing up some movie star charisma when they need it to sell us on this twisted love story , but who can also negotiate the movie 's darker turns .",1
Provides a very moving and revelatory footnote to the Holocaust .,1
Filmmaker Tian Zhuangzhuang triumphantly returns to narrative filmmaking with a visually masterful work of quiet power .,1
Miyazaki is one of world cinema 's most wondrously gifted artists and storytellers .,1
"( Cho 's face is ) an amazing slapstick instrument , creating a scrapbook of living mug shots .",1
Trying to make head or tail of the story in the hip-hop indie Snipes is enough to give you brain strain -- and the pay-off is negligible .,0
"This re-do is so dumb and so exploitative in its violence that , ironically , it becomes everything that the rather clumsy original was railing against .",0
"Adroit but finally a trifle flat , Mad Love does n't galvanize its outrage the way , say , Jane Campion might have done , but at least it possesses some .",0
( A ) shapeless blob of desperate entertainment .,0
"In fact , it 's quite fun in places .",1
Quick : who wants to see a comedy about shoddy airport security ?,0
"Combines sharp comedy , old-fashioned monster movie atmospherics , and genuine heart to create a film that 's not merely about kicking undead *** , but also about dealing with regret and , ultimately , finding redemption .",1
"Sitting in the third row of the IMAX cinema at Sydney 's Darling Harbour , but I sometimes felt as though I was in the tiny two seater plane that carried the giant camera around Australia , sweeping and gliding , banking and hovering over some of the most not",1
"Evelyn may be based on a true and historically significant story , but the filmmakers have made every effort to disguise it as an unimaginative screenwriter 's invention .",0
This angst-ridden territory was covered earlier and much better in Ordinary People .,0
It 's sweet .,1
"Slap me , I saw this movie .",0
"It 's not nearly as fresh or enjoyable as its predecessor , but there are enough high points to keep this from being a complete waste of time .",1
"Stuffed to the brim with ideas , American instigator Michael Moore 's film is a rambling examination of American gun culture that uses his usual modus operandi of crucifixion through juxtaposition .",1
"A mix of velocity and idiocy , this ruinous remake lacks the brawn -- and the brains -- of the 1970s original .",0
Devoid of any of the qualities that made the first film so special .,0
"A celebration of quirkiness , eccentricity , and certain individuals ' tendency to let it all hang out , and damn the consequences .",1
`` Extreme Ops '' exceeds expectations .,1
"It does nothing new with the old story , except to show fisticuffs in this sort of stop-go slow motion that makes the gang rumbles look like they 're being streamed over a 28K modem .",0
Extremely dumb .,0
"We never truly come to care about the main characters and whether or not they 'll wind up together , and Michele 's spiritual quest is neither amusing nor dramatic enough to sustain interest .",0
"Off the Hook is overlong and not well-acted , but credit writer-producer-director Adam Watstein with finishing it at all .",0
A prison comedy that never really busts out of its comfy little cell .,0
It 's the chemistry between the women and the droll scene-stealing wit and wolfish pessimism of Anna Chancellor that makes this `` Two Weddings and a Funeral '' fun .,1
City by the Sea is a gritty police thriller with all the dysfunctional family dynamics one could wish for .,1
"The screenplay , co-written by director Imogen Kimmel , lacks the wit necessary to fully exploit the comic elements of the premise , making the proceedings more bizarre than actually amusing .",0
"If the plot seems a bit on the skinny side , that 's because Panic Room is interested in nothing more than sucking you in ... and making you sweat .",1
It 's one heck of a character study -- not of Hearst or Davies but of the unique relationship between them .,1
"Instead of hiding Pinocchio from critics , Miramax should have hidden it from everyone .",0
He thinks the film is just as much a document about him as it is about the subject .,0
"Snoots will no doubt rally to its cause , trotting out threadbare standbys like ` masterpiece ' and ` triumph ' and all that malarkey , but rarely does an established filmmaker so ardently waste viewers ' time with a gobbler like this .",0
`` 13 Conversations About One Thing '' is an intelligent flick that examines many different ideas from happiness to guilt in an intriguing bit of storytelling .,1
But the characters tend to be cliches whose lives are never fully explored .,0
"A silly , self-indulgent film about a silly , self-indulgent filmmaker .",0
"What with all the blanket statements and dime-store ruminations on vanity , the worries of the rich and sudden wisdom , the film becomes a sermon for most of its running time .",0
Too bad .,0
"If you love Motown music , you 'll love this documentary .",1
"A brisk , reverent , and subtly different sequel .",1
"Famuyiwa 's feature deals with its subject matter in a tasteful , intelligent manner , rather than forcing us to endure every plot contrivance that the cliché-riddled genre can offer .",1
"Perhaps it 's cliche to call the film ` refreshing , ' but it is .",1
"Without heavy-handedness , Dong provides perspective with his intelligent grasp of human foibles and contradictions .",1
"Notwithstanding my problem with the movie 's final half hour , I 'm going to recommend SECRETARY , based on the wonderful acting clinic put on by Spader and Gyllenhaal , and also the unique way Shainberg goes about telling what at heart is a sweet little girl -",1
The modern-day royals have nothing on these guys when it comes to scandals .,0
The result is an ` action film ' mired in stasis .,0
"A superfluous sequel ... plagued by that old familiar feeling of ` let 's get this thing over with ' : Everyone has shown up at the appointed time and place , but visible enthusiasm is mighty hard to find .",0
"Lathan and Diggs have considerable personal charm , and their screen rapport makes the old story seem new .",1
Manages to show life in all of its banality when the intention is quite the opposite .,0
It leaves little doubt that Kidman has become one of our best actors .,1
Director Claude Chabrol has become the master of innuendo .,1
"Now , if it only had a brain .",0
"George Clooney , in his first directorial effort , presents this utterly ridiculous shaggy dog story as one of the most creative , energetic and original comedies to hit the screen in years .",1
"With a completely predictable plot , you 'll swear that you 've seen it all before , even if you 've never come within a mile of The Longest Yard .",0
It finds no way to entertain or inspire its viewers .,0
"Now it 's a bad , embarrassing movie .",0
"The Mothman Prophecies , which is mostly a bore , seems to exist only for its climactic setpiece .",0
"The picture seems uncertain whether it wants to be an acidic all-male All About Eve or a lush , swooning melodrama in the Intermezzo strain .",0
If Steven Soderbergh 's ` Solaris ' is a failure it is a glorious failure .,1
Enough similarities to Gymkata and Howie Long 's Firestorm that my fingernails instinctively crawled towards my long-suffering eyeballs .,0
"Subversive , meditative , clinical and poetic , The Piano Teacher is a daring work of genius .",1
This seductive tease of a thriller gets the job done .,1
The biggest problem with Satin Rouge is Lilia herself .,0
"It has the air of a surprisingly juvenile lark , a pop-influenced prank whose charms are immediately apparent and wear thin with repetition .",0
"What will , most likely , turn out to be the most repellent movie of 2002 .",0
"The film falls short on tension , eloquence , spiritual challenge -- things that have made the original New Testament stories so compelling for 20 centuries .",0
"This is a finely written , superbly acted offbeat thriller .",1
Jaglom offers the none-too-original premise that everyone involved with moviemaking is a con artist and a liar .,0
"An effectively creepy , fear-inducing ( not fear-reducing ) film from Japanese director Hideo Nakata , who takes the superstitious curse on chain letters and actually applies it .",1
"A comprehensive and provocative film -- one that pushes the boundaries of biography , and challenges its audience .",1
A low-key labor of love that strikes a very resonant chord .,1
"In addition to Hoffman 's powerful acting clinic , this is that rare drama that offers a thoughtful and rewarding glimpse into the sort of heartache everyone has felt , or will feel someday .",1
No amount of blood and disintegrating vampire cadavers can obscure this movie 's lack of ideas .,0
"A whole lot of fun and funny in the middle , though somewhat less hard-hitting at the start and finish .",1
"The movie has a script ( by Paul Pender ) made of wood , and it 's relentlessly folksy , a procession of stagy set pieces stacked with binary oppositions .",0
"Portentous and pretentious , The Weight of Water is appropriately titled , given the heavy-handedness of it drama .",0
"A gob of drivel so sickly sweet , even the eager consumers of Moore 's pasteurized ditties will retch it up like rancid crème brûlée .",0
"Despite its lavish formalism and intellectual austerity , the film manages to keep you at the edge of your seat with its shape-shifting perils , political intrigue and brushes with calamity .",1
A simmering psychological drama in which the bursts of sudden violence are all the more startling for the slow buildup that has preceded them .,1
It 's not the ultimate Depression-era gangster movie .,0
The acting is n't much better .,0
"Not really a thriller so much as a movie for teens to laugh , groan and hiss at .",0
A TV style murder mystery with a few big screen moments ( including one that seems to be made for a different film altogether ) .,0
Peppered with witty dialogue and inventive moments .,1
A sophomoric exploration of ` life problems ' most people solved long ago -- or at least got tired of hearing people kvetch about .,0
... too sappy for its own good .,0
"Without non-stop techno or the existential overtones of a Kieslowski morality tale , Maelström is just another Winter Sleepers .",0
It makes you believe the cast and crew thoroughly enjoyed themselves and believed in their small-budget film .,1
"When you 've got the wildly popular Vin Diesel in the equation , it adds up to big box office bucks all but guaranteed .",1
"a quiet , pure , elliptical film",1
The rare movie that 's as crisp and to the point as the novel on which it 's based .,1
"Even if you do n't think ( Kissinger 's ) any more guilty of criminal activity than most contemporary statesmen , he 'd sure make a courtroom trial great fun to watch .",1
"I liked the original short story but this movie , even at an hour and twenty-some minutes , it 's too long and it goes nowhere .",0
"While Benigni ( who stars and co-wrote ) seems to be having a wonderful time , he might be alone in that .",0
Rashomon-for-dipsticks tale .,0
Visually captivating .,1
"In its chicken heart , Crush goes to absurd lengths to duck the very issues it raises .",0
Reggio and Glass put on an intoxicating show .,1
It would n't be my preferred way of spending 100 minutes or $ 7.00 .,0
Jirí Hubac 's script is a gem .,1
"Occasionally , in the course of reviewing art-house obscurities and slam-bam action flicks , a jaded critic smacks into something truly new .",1
"Devos and Cassel have tremendous chemistry -- their sexual and romantic tension , while never really vocalized , is palpable .",1
Just plain bad .,0
"Director Alfonso Cuaron gets vivid , convincing performances from a fine cast , and generally keeps things going at a rapid pace , occasionally using an omniscient voice-over narrator in the manner of French New Wave films .",1
"Contrived as this may sound , Mr. Rose 's updating works surprisingly well .",1
Tackles the difficult subject of grief and loss with such life-embracing spirit that the theme does n't drag an audience down .,1
Uneven but a lot of fun .,1
You 'll just have your head in your hands wondering why Lee 's character did n't just go to a bank manager and save everyone the misery .,0
The only entertainment you 'll derive from this choppy and sloppy affair will be from unintentional giggles -- several of them .,0
"Unsurprisingly , the way this all works out makes the women look more like stereotypical caretakers and moral teachers , instead of serious athletes .",0
Watching Beanie and his gang put together his slasher video from spare parts and borrowed materials is as much fun as it must have been for them to make it .,1
Marshall puts a suspenseful spin on standard horror flick formula .,1
"Arliss Howard 's ambitious , moving , and adventurous directorial debut , Big Bad Love , meets so many of the challenges it poses for itself that one can forgive the film its flaws .",1
Mr. Koshashvili is a director to watch .,1
Gloriously goofy ( and gory ) midnight movie stuff .,1
"Visually rather stunning , but ultimately a handsome-looking bore , the true creativity would have been to hide Treasure Planet entirely and completely reimagine it .",0
Nothing in Waking Up in Reno ever inspired me to think of its inhabitants as anything more than markers in a screenplay .,0
Easily one of the best and most exciting movies of the year .,1
My Wife Is an Actress works as well as it does because ( the leads ) are such a companionable couple .,1
"It 's dumb , but more importantly , it 's just not scary .",0
"The more you think about the movie , the more you will probably like it .",1
"Watching Scarlet Diva , one is poised for titillation , raw insight or both .",1
( Westbrook ) makes a wonderful subject for the camera .,1
The all-French cast is marveilleux .,1
Blood Work is laughable in the solemnity with which it tries to pump life into overworked elements from Eastwood 's Dirty Harry period .,0
"For a film that 's being advertised as a comedy , Sweet Home Alabama is n't as funny as you 'd hoped .",0
The film lapses too often into sugary sentiment and withholds delivery on the pell-mell pyrotechnics its punchy style promises .,0
The film will play equally well on both the standard and giant screens .,1
"As is often the case with ambitious , eager first-time filmmakers , Mr. Murray , a prolific director of music videos , stuffs his debut with more plot than it can comfortably hold .",0
"Ultimately , the film never recovers from the clumsy cliché of the ugly American abroad , and the too-frosty exterior Ms. Paltrow employs to authenticate her British persona is another liability .",0
"But if the essence of magic is its make-believe promise of life that soars above the material realm , this is the opposite of a truly magical movie .",0
Australian actor/director John Polson and award-winning English cinematographer Giles Nuttgens make a terrific effort at disguising the obvious with energy and innovation .,1
Consists of a plot and jokes done too often by people far more talented than Ali G,0
The best animated feature to hit theaters since Beauty and the Beast 11 years ago .,1
"An old-fashioned scary movie , one that relies on lingering terror punctuated by sudden shocks and not constant bloodshed punctuated by flying guts .",1
Good actress .,1
Made me unintentionally famous -- as the queasy-stomached critic who staggered from the theater and blacked out in the lobby .,0
A rip-roaring comedy action fest that 'll put hairs on your chest .,1
"The film brilliantly shines on all the characters , as the direction is intelligently accomplished .",1
( L ) ame and unnecessary .,0
"Each scene drags , underscoring the obvious , and sentiment is slathered on top .",0
"Flat , but with a revelatory performance by Michelle Williams .",0
"It ai n't art , by a long shot , but unlike last year 's lame Musketeer , this Dumas adaptation entertains .",1
"It 's plotless , shapeless -- and yet , it must be admitted , not entirely humorless .",0
Both a beautifully made nature film and a tribute to a woman whose passion for this region and its inhabitants still shines in her quiet blue eyes .,1
"His comedy premises are often hackneyed or just plain crude , calculated to provoke shocked laughter , without following up on a deeper level .",0
"A journey spanning nearly three decades of bittersweet camaraderie and history , in which we feel that we truly know what makes Holly and Marina tick , and our hearts go out to them as both continue to negotiate their imperfect , love-hate relationship .",1
"The case is a convincing one , and should give anyone with a conscience reason to pause .",1
"Swimming is above all about a young woman 's face , and by casting an actress whose face projects that woman 's doubts and yearnings , it succeeds .",1
"It 's ( Ricci 's ) best work yet , this girl-woman who sincerely believes she can thwart the world 's misery with blind good will .",1
A film that 's flawed and brilliant in equal measure .,1
The film 's thoroughly recycled plot and tiresome jokes ... drag the movie down .,0
There are scenes of cinematic perfection that steal your heart away .,1
"Is n't quite the equal of Woo 's best earlier work , but it 's easily his finest American film ... comes close to recapturing the brilliance of his Hong Kong films .",1
"We never feel anything for these characters , and as a result the film is basically just a curiosity .",0
About nowhere kids who appropriated turfs as they found them and become self-made celebrity athletes -- a low-down version of the American dream .,1
The events of the film are just so WEIRD that I honestly never knew what the hell was coming next .,0
"Good for a few unintentional laughs , `` Extreme Ops '' was obviously made for the `` XXX '' crowd , people who enjoy mindless action without the benefit of decent acting , writing , and direction .",0
"A moving essay about the specter of death , especially suicide .",1
"An extremely funny , ultimately heartbreaking look at life in contemporary China .",1
"Oscar Wilde 's masterpiece , The Importance of Being Earnest , may be the best play of the 19th century .",1
But what 's nice is that there 's a casual intelligence that permeates the script .,1
"Who knows , but it works under the direction of Kevin Reynolds .",1
A minor picture with a major identity crisis -- it 's sort of true and it 's sort of bogus and it 's ho-hum all the way through .,0
MY LITTLE EYE is the best little `` horror '' movie I 've seen in years .,1
... manages to deliver a fair bit of vampire fun .,1
"A taut , intelligent psychological drama .",1
"While Cherish does n't completely survive its tonal transformation from dark comedy to suspense thriller , it 's got just enough charm and appealing character quirks to forgive that still serious problem .",1
The best film of the year 2002 .,1
A clichéd and shallow cautionary tale about the hard-partying lives of gay men .,0
A high-spirited buddy movie about the reunion of Berlin anarchists who face arrest 15 years after their crime .,1
"If The Full Monty was a freshman fluke , Lucky Break is ( Cattaneo ) sophomore slump .",0
"` Punch-Drunk Love is so convinced of its own brilliance that , if it were a person , you 'd want to smash its face in . '",0
"Immersing us in the endlessly inventive , fiercely competitive world of hip-hop DJs , the project is sensational and revelatory , even if scratching makes you itch .",1
imagine a scenario where Bergman approaches Swedish fatalism using Gary Larson 's Far Side humor,1
"Mr. Parker has brilliantly updated his source and grasped its essence , composing a sorrowful and hilarious tone poem about alienated labor , or an absurdist workplace sitcom .",1
Laggard drama wending its way to an uninspired philosophical epiphany .,0
"Nervy and sensitive , it taps into genuine artistic befuddlement , and at the same time presents a scathing indictment of what drives Hollywood .",1
"More than anything else , Kissing Jessica Stein injects freshness and spirit into the romantic comedy genre , which has been held hostage by generic scripts that seek to remake Sleepless in Seattle again and again .",1
Would that Greengrass had gone a tad less for grit and a lot more for intelligibility .,0
"K-19 will not go down in the annals of cinema as one of the great submarine stories , but it is an engaging and exciting narrative of Man confronting the Demons of his own fear and paranoia .",1
The cast is top-notch and I predict there will be plenty of female audience members drooling over Michael Idemoto as Michael .,1
Spiderman ROCKS,1
"A breezy romantic comedy that has the punch of a good sitcom , while offering exceptionally well-detailed characters .",1
As vulgar as it is banal .,0
Leguizamo and Jones are both excellent and the rest of the cast is uniformly superb .,1
The movie does a good job of laying out some of the major issues that we encounter as we journey through life .,1
"( Swimfan ) falls victim to sloppy plotting , an insultingly unbelievable final act and a villainess who is too crazy to be interesting .",0
But tongue-in-cheek preposterousness has always been part of For the most part Wilde 's droll whimsy helps `` Being Earnest '' overcome its weaknesses and Parker 's creative interference ...,1
What was subtle and mystifying in the novella is now broad and farcical .,0
... there is enough originality in ` Life ' to distance it from the pack of paint-by-number romantic comedies that so often end up on cinema screens .,1
"If this holiday movie is supposed to be a gift , somebody unwrapped it early , took out all the good stuff , and left behind the crap ( literally ) .",0
"A movie that will surely be profane , politically charged music to the ears of Cho 's fans .",1
"The story 's scope and pageantry are mesmerizing , and Mr. Day-Lewis roars with leonine power .",1
This clever caper movie has twists worthy of David Mamet and is enormous fun for thinking audiences .,1
"This is a raw and disturbing tale that took five years to make , and the trio 's absorbing narrative is a heart-wrenching showcase indeed .",1
"A small gem of a movie that defies classification and is as thought-provoking as it is funny , scary and sad .",1
The casting of Raymond J. Barry as the ` assassin ' greatly enhances the quality of Neil Burger 's impressive fake documentary .,1
In comparison to his earlier films it seems a disappointingly thin slice of lower-class London life ; despite the title ... amounts to surprisingly little .,0
"A fine effort , an interesting topic , some intriguing characters and a sad ending .",1
"This movie is so bad , that it 's almost worth seeing because it 's so bad .",0
"The nonstop artifice ultimately proves tiresome , with the surface histrionics failing to compensate for the paper-thin characterizations and facile situations .",0
"The latest installment in the Pokemon canon , Pokemon 4ever is surprising less moldy and trite than the last two , likely because much of the Japanese anime is set in a scenic forest where Pokemon graze in peace .",1
"As played by Ryan Gosling , Danny is a frighteningly fascinating contradiction .",1
"This toothless Dog , already on cable , loses all bite on the big screen .",0
"This tale has been told and retold ; the races and rackets change , but the song remains the same .",0
"Full of detail about the man and his country , and is well worth seeing .",1
It 's tough to be startled when you 're almost dozing .,0
Combines a comically dismal social realism with a farcically bawdy fantasy of redemption and regeneration .,1
But it 's worth the concentration .,1
"Miller is playing so free with emotions , and the fact that children are hostages to fortune , that he makes the audience hostage to his swaggering affectation of seriousness .",1
Strange occurrences build in the mind of the viewer and take on extreme urgency .,1
"This road movie gives you emotional whiplash , and you 'll be glad you went along for the ride .",1
Solondz is so intent on hammering home his message that he forgets to make it entertaining .,0
"Everything about Girls Ca n't Swim , even its passages of sensitive observation , feels secondhand , familiar -- and not in a good way .",0
"In all fairness , I must report that the children of varying ages in my audience never coughed , fidgeted or romped up and down the aisles for bathroom breaks .",1
"Bogdanovich taps deep into the Hearst mystique , entertainingly reenacting a historic scandal .",1
... too contrived to be as naturally charming as it needs to be .,0
"Highlights are the terrific performances by Christopher Plummer , as the prime villain , and Nathan Lane as Vincent Crummles , the eccentric theater company manager .",1
"The film becomes an overwhelming pleasure , and you find yourself rooting for Gai 's character to avoid the fate that has befallen every other Carmen before her .",1
Intimate and panoramic .,1
"Even as lame horror flicks go , this is lame .",0
"Imagine the CleanFlicks version of ` Love Story , ' with Ali MacGraw 's profanities replaced by romance-novel platitudes .",0
"... routine , harmless diversion and little else .",1
"The fact is that the screen is most alive when it seems most likely that Broomfield 's interviewees , or even himself , will not be for much longer .",1
One of the most depressing movie-going experiences I can think of is to sit through about 90 minutes of a so-called ` comedy ' and not laugh once .,0
"Stephen Rea , Aidan Quinn , and Alan Bates play Desmond 's legal eagles , and when joined by Brosnan , the sight of this grandiloquent quartet lolling in pretty Irish settings is a pleasant enough thing , ` tis .",1
A fanciful drama about Napoleon 's last years and his surprising discovery of love and humility .,1
A sleek advert for youthful anomie that never quite equals the sum of its pretensions .,0
"Full of profound , real-life moments that anyone can relate to , it deserves a wide audience .",1
Bound to appeal to women looking for a howlingly trashy time .,1
"The charm of the first movie is still there , and the story feels like the logical , unforced continuation of the careers of a pair of spy kids .",1
Richly entertaining and suggestive of any number of metaphorical readings .,1
A woman 's pic directed with resonance by Ilya Chaiken .,1
An imaginative comedy/thriller .,1
The Hours is what movies are supposed to be ...,1
"Like a marathon runner trying to finish a race , you need a constant influx of liquid just to get through it .",0
just not campy enough,0
With its parade of almost perpetually wasted characters ... Margarita feels like a hazy high that takes too long to shake .,0
"feeling to it , but like the 1920 's , the trip there is a great deal of fun .",1
What it lacks in substance it makes up for in heart .,1
... the film suffers from a lack of humor ( something needed to balance out the violence ) ...,0
"A creepy , intermittently powerful study of a self-destructive man ... about as unsettling to watch as an exploratory medical procedure or an autopsy .",1
"As the latest bid in the TV-to-movie franchise game , I Spy makes its big-screen entry with little of the nervy originality of its groundbreaking small-screen progenitor .",0
"This cheery , down-to-earth film is warm with the cozy feeling of relaxing around old friends .",1
Brings an irresistible blend of warmth and humor and a consistent embracing humanity in the face of life 's harshness .,1
"The holes in this film remain agape -- holes punched through by an inconsistent , meandering , and sometimes dry plot .",0
"Richard Pryor mined his personal horrors and came up with a treasure chest of material , but Lawrence gives us mostly fool 's gold .",0
"Contrived , awkward and filled with unintended laughs , the film shows signs that someone other than the director got into the editing room and tried to improve things by making the movie go faster .",0
Slap her - she 's not funny !,0
"But like most rabbits , it seems to lack substance .",0
"Offers much to enjoy ... and a lot to mull over in terms of love , loyalty and the nature of staying friends .",1
"When it 's not wallowing in hormonal melodrama , `` Real Women Have Curves '' is a sweet , honest , and enjoyable comedy-drama about a young woman who wants many things in life , but fears she 'll become her mother before she gets to fulfill her dreams .",1
We do n't get paid enough to sit through crap like this .,0
And that is where Ararat went astray .,0
This goofy gangster yarn never really elevates itself from being yet another earnestly generic crime-busting comic vehicle -- a well-intentioned remake that shows some spunk and promise but fails to register as anything distinctive or daring,0
See it for his performance if nothing else .,1
An undistinguished attempt to make a classic theater piece cinematic .,0
"Sam Jones became a very lucky filmmaker the day Wilco got dropped from their record label , proving that one man 's ruin may be another 's fortune .",1
"It 's got all the familiar Bruckheimer elements , and Schumacher does probably as good a job as anyone at bringing off the Hopkins/Rock collision of acting styles and onscreen personas .",1
We get the comedy we settle for .,0
( But it 's ) worth recommending because of two marvelous performances by Michael Caine and Brendan Fraser .,1
"... a vivid , thoughtful , unapologetically raw coming-of-age tale full of sex , drugs and rock 'n' roll .",1
Shocking only in that it reveals the filmmaker 's bottomless pit of self-absorption .,0
"Still , it just sits there like a side dish no one ordered .",0
"Aside from minor tinkering , this is the same movie you probably loved in 1994 , except that it looks even better .",1
It is inspirational in characterizing how people from such diverse cultures share the same human and spiritual needs .,1
Amazing !,1
"It 's about individual moments of mood , and an aimlessness that 's actually sort of amazing .",1
The entire cast is extraordinarily good .,1
An awkwardly contrived exercise in magic realism .,0
Meandering and confusing .,0
The movie succumbs to being nothing more than a formulaic chase in the dark .,0
The title 's lameness should clue you in on how bad the movie is .,0
Looks and feels like a low-budget hybrid of Scarface or Carlito 's Way .,0
"Enough may pander to our basest desires for payback , but unlike many revenge fantasies , it ultimately delivers .",1
"A frantic search for laughs , with a hit-to-miss ratio that does n't exactly favour the audience .",0
"Visually imaginative , thematically instructive and thoroughly delightful , it takes us on a roller-coaster ride from innocence to experience without even a hint of that typical kiddie-flick sentimentality .",1
"A somewhat crudely constructed but gripping , questing look at a person so racked with self-loathing , he becomes an enemy to his own race .",1
As refreshing as a drink from a woodland stream .,1
"Swims in mediocrity , sticking its head up for a breath of fresh air now and then .",0
"Too silly to be frightening , too stolid to be funny , it projects the same lazy affability as its nominal star , David Arquette .",0
"It 's slow -- very , very slow .",0
... built on the premise that middle-class Arkansas consists of monster truck-loving good ol' boys and peroxide blond honeys whose worldly knowledge comes from TV reruns and supermarket tabloids .,0
"Despite an impressive roster of stars and direction from Kathryn Bigelow , The Weight of Water is oppressively heavy .",0
"Stars Matthew Perry and Elizabeth Hurley illicit more than a chuckle , and more jokes land than crash , but ultimately Serving Sara does n't distinguish itself from the herd .",0
"Further sad evidence that Tom Tykwer , director of the resonant and sense-spinning Run Lola Run , has turned out to be a one-trick pony -- a maker of softheaded metaphysical claptrap .",0
I do n't think this movie loves women at all .,0
Men in Black II has sequel-itis something fierce .,0
"I 've yet to find an actual Vietnam War combat movie actually produced by either the North or South Vietnamese , but at least now we 've got something pretty damn close .",1
A pleasurably jacked-up piece of action moviemaking .,1
Rubbo 's humorously tendentious intervention into the who-wrote-Shakespeare controversy .,1
There 's not enough here to justify the almost two hours .,0
This is more fascinating -- being real -- than anything seen on Jerry Springer .,1
"Pumpkin takes an admirable look at the hypocrisy of political correctness , but it does so with such an uneven tone that you never know when humor ends and tragedy begins .",0
"An achingly enthralling premise , the film is hindered by uneven dialogue and plot lapses .",0
The story has little wit and no surprises .,0
Long on twinkly-eyed close-ups and short on shame .,0
It 's like a poem .,1
"If nothing else , `` Rollerball '' 2002 may go down in cinema history as the only movie ever in which the rest of the cast was outshined by LL Cool J.",0
"Just when you think you are making sense of it , something happens that tells you there is no sense .",0
"Whatever heartwarming scene the impressively discreet filmmakers may have expected to record with their mini DV , they show a remarkable ability to document both sides of this emotional car-wreck .",1
So devoid of any kind of intelligible story that it makes films like XXX and Collateral Damage seem like thoughtful treatises,0
A charmer from Belgium .,1
"A headline-fresh thriller set among orthodox Jews on the West Bank , Joseph Cedar 's Time Of Favor manages not only to find a compelling dramatic means of addressing a complex situation , it does so without compromising that complexity .",1
"With a large cast representing a broad cross-section , Tavernier 's film bounds along with the rat-a-tat energy of `` His Girl Friday , '' maintaining a light touch while tackling serious themes .",1
"... while each moment of this broken character study is rich in emotional texture , the journey does n't really go anywhere .",0
"Sure , I hated myself in the morning .",0
"It 's a lovely , eerie film that casts an odd , rapt spell .",1
"While Solondz tries and tries hard , Storytelling fails to provide much more insight than the inside column of a torn book jacket .",0
The story and characters are nowhere near gripping enough .,0
"A simple , sometimes maddeningly slow film that has just enough charm and good acting to make it interesting , but is ultimately pulled under by the pacing and lack of creativity within .",0
"A delightful little film that revels in its own simplicity , Mostly Martha will leave you with a smile on your face and a grumble in your stomach .",1
"If this is the resurrection of the Halloween franchise , it would have been better off dead .",0
Invincible is a wonderful movie .,1
Exhilarating but blatantly biased .,1
One Hour Photo is an intriguing snapshot of one man and his delusions ; it 's just too bad it does n't have more flashes of insight .,0
A great companion piece to other Napoleon films .,1
"So genial is the conceit , this is one of those rare pictures that you root for throughout , dearly hoping that the rich promise of the script will be realized on the screen .",1
"Often demented in a good way , but it is an uneven film for the most part .",0
"All three descriptions suit Evelyn , a besotted and obvious drama that tells us nothing new .",0
"With tightly organized efficiency , numerous flashbacks and a constant edge of tension , Miller 's film is one of 2002 's involvingly adult surprises .",1
It 's just hard to believe that a life like this can sound so dull .,0
"It 's a smartly directed , grown-up film of ideas .",1
"Feels like one of those contrived , only-in - Hollywood productions where name actors deliver big performances created for the sole purpose of generating Oscar talk .",0
"A predictable , manipulative stinker .",0
"The movie , despite its rough edges and a tendency to sag in certain places , is wry and engrossing .",1
"Complex , sinuously plotted and , somehow , off-puttingly cold .",0
"Witty , touching and well paced .",1
"The noble tradition of men in drag hits an all-time low in Sorority Boys , whose makers apparently believe that women 's clothing can cover up any deficiency in acting , writing or direction .",0
"Director Kapur is a filmmaker with a real flair for epic landscapes and adventure , and this is a better film than his earlier English-language movie , the overpraised Elizabeth .",1
"The drama was so uninspiring that even a story immersed in love , lust , and sin could n't keep my attention .",0
"If Hill is n't quite his generation 's Don Siegel ( or Robert Aldrich ) , it 's because there 's no discernible feeling beneath the chest hair ; it 's all bluster and cliché .",0
One of the funnier movies in town .,1
Has all the complexity and realistic human behavior of an episode of General Hospital .,0
"There 's an admirable rigor to Jimmy 's relentless anger , and to the script 's refusal of a happy ending , but as those monologues stretch on and on , you realize there 's no place for this story to go but down .",0
"Watching War Photographer , you come to believe that Nachtwey hates the wars he shows and empathizes with the victims he reveals .",1
"While this film has an ` A ' list cast and some strong supporting players , the tale -- like its central figure , Vivi -- is just a little bit hard to love .",0
"When ` science fiction ' takes advantage of the fact that its intended audience has n't yet had much science , it does a disservice to the audience and to the genre .",0
Allen 's underestimated charm delivers more goodies than lumps of coal .,1
"While Hollywood Ending has its share of belly laughs ( including a knockout of a closing line ) , the movie winds up feeling like a great missed opportunity .",0
Disgusting .,0
An unbelievably fun film just a leading man away from perfection .,1
This is just lazy writing .,0
"If you liked the 1982 film then , you 'll still like it now .",1
All three women deliver remarkable performances .,1
"A cartoon that 's truly cinematic in scope , and a story that 's compelling and heartfelt -- even if the heart belongs to a big , four-legged herbivore .",1
I found the movie as divided against itself as the dysfunctional family it portrays .,0
a terrible adaptation of a play that only ever walked the delicate tightrope between farcical and loathsome .,0
Dripping with cliche and bypassing no opportunity to trivialize the material .,0
"Here is a divine monument to a single man 's struggle to regain his life , his dignity and his music .",1
Formula 51 promises a new kind of high but delivers the same old bad trip .,0
"The notion of deleting emotion from people , even in an advanced Prozac Nation , is so insanely dysfunctional that the rampantly designed Equilibrium becomes a concept doofus .",0
What more can be expected from a college comedy that 's target audience has n't graduated from junior high school ?,0
Director Rob Marshall went out gunning to make a great one .,1
"Too much of the movie feels contrived , as if the filmmakers were worried the story would n't work without all those gimmicks .",0
fear dot com is so rambling and disconnected it never builds any suspense .,0
"A warm but realistic meditation on friendship , family and affection .",1
-- but certainly hard to hate .,1
"It 's hard to like a film about a guy who is utterly unlikeable , and Shiner , starring Michael Caine as an aging British boxing promoter desperate for a taste of fame and fortune , is certainly that .",0
"A 94-minute travesty of unparalleled proportions , writer-director Parker seems to go out of his way to turn the legendary wit 's classic mistaken identity farce into brutally labored and unfunny hokum .",0
"What the film lacks in general focus it makes up for in compassion , as Corcuera manages to find the seeds of hope in the form of collective action .",1
Demonstrates a vivid imagination and an impressive style that result in some terrific setpieces .,1
Zaidan 's script has barely enough plot to string the stunts together and not quite enough characterization to keep the faces straight .,0
... a true delight .,1
"Instead of hitting the audience over the head with a moral , Schrader relies on subtle ironies and visual devices to convey point of view .",1
A sensitive and astute first feature by Anne-Sophie Birot .,1
"... in no way original , or even all that memorable , but as downtown Saturday matinee brain candy , it does n't disappoint .",1
"For the most part , it works beautifully as a movie without sacrificing the integrity of the opera .",1
"In a way , the film feels like a breath of fresh air , but only to those that allow it in .",1
An elegant film with often surprising twists and an intermingling of naiveté and sophistication .,1
It 's also stupider .,0
"The first Tunisian film I have ever seen , and it 's also probably the most good-hearted yet sensual entertainment I 'm likely to see all year .",1
Terminally brain dead production .,0
"Though there 's a clarity of purpose and even-handedness to the film 's direction , the drama feels rigged and sluggish .",0
"One of the best examples of how to treat a subject , you 're not fully aware is being examined , much like a photo of yourself you did n't know was being taken .",1
I suspect that you 'll be as bored watching Morvern Callar as the characters are in it .,0
I thought my own watch had stopped keeping time as I slogged my way through Clockstoppers .,0
"While the filmmaking may be a bit disjointed , the subject matter is so fascinating that you wo n't care .",1
"Not so much funny as aggressively sitcom-cute , it 's full of throwaway one-liners , not-quite jokes , and a determined TV amiability that Allen personifies .",0
"Ice Cube is n't quite out of ripe screwball ideas , but Friday After Next spreads them pretty thin .",0
"As the two leads , Lathan and Diggs are charming and have chemistry both as friends and lovers .",1
"This is a gorgeous film - vivid with color , music and life .",1
Arteta directs one of the best ensemble casts of the year,1
"insightfully written , delicately performed",1
"A thriller whose style , structure and rhythms are so integrated with the story , you can not separate them .",1
Plays like a bad blend of an overripe episode of TV 's Dawson 's Creek and a recycled and dumbed-down version of Love Story .,0
Shrewd but pointless .,0
"If this is the Danish idea of a good time , prospective tourists might want to consider a different destination -- some jolly country embroiled in a bloody civil war , perhaps .",0
This is a train wreck of an action film -- a stupefying attempt by the filmmakers to force-feed James Bond into the mindless XXX mold and throw 40 years of cinematic history down the toilet in favor of bright flashes and loud bangs .,0
"Miyazaki 's nonstop images are so stunning , and his imagination so vivid , that the only possible complaint you could have about Spirited Away is that there is no rest period , no timeout .",1
"Metaphors abound , but it is easy to take this film at face value and enjoy its slightly humorous and tender story .",1
"Better effects , better acting and a hilarious Kenneth Branagh .",1
"A fun family movie that 's suitable for all ages -- a movie that will make you laugh , cry and realize , ` It 's never too late to believe in your dreams . '",1
What goes on for the 110 minutes of `` Panic Room '' is a battle of witlessness between a not-so-bright mother and daughter and an even less capable trio of criminals .,0
Not since Ghostbusters has a film used Manhattan 's architecture in such a gloriously goofy way .,1
The premise of Jason X is silly but strangely believable .,1
... an adorably whimsical comedy that deserves more than a passing twinkle .,1
Schaefer 's ... determination to inject farcical raunch ... drowns out the promise of the romantic angle .,0
"An invaluable historical document thanks to the filmmaker 's extraordinary access to Massoud , whose charm , cultivation and devotion to his people are readily apparent .",1
This is the kind of movie where the big scene is a man shot out of a cannon into a vat of ice cream .,0
"Manipulative claptrap , a period-piece movie-of-the-week , plain old blarney ... take your pick .",0
What begins brightly gets bogged down over 140 minutes .,0
This is the type of movie best enjoyed by frat boys and college kids while sucking on the bong and downing one alcoholic beverage after another .,0
"I 'm sure the filmmaker would disagree , but , honestly , I do n't see the point .",0
"Just as moving , uplifting and funny as ever .",1
"A coming-of-age tale from New Zealand whose boozy , languid air is balanced by a rich visual clarity and deeply felt performances across the board .",1
"Directed by Kevin Bray , whose crisp framing , edgy camera work , and wholesale ineptitude with acting , tone and pace very obviously mark him as a video helmer making his feature debut .",1
"It uses an old-time formula , it 's not terribly original and it 's rather messy -- but you just have to love the big , dumb , happy movie My Big Fat Greek Wedding .",1
Gondry 's direction is adequate ... but what gives Human Nature its unique feel is Kaufman 's script .,1
"Whether you like rap music or loathe it , you ca n't deny either the tragic loss of two young men in the prime of their talent or the power of this movie .",1
"A movie just for Friday fans , critics be damned .",1
"The film 's strength is n't in its details , but in the larger picture it paints - of a culture in conflict with itself , with the thin veneer of nationalism that covers our deepest , media-soaked fears .",1
The Country Bears wastes an exceptionally good idea .,0
... turns so unforgivably trite in its last 10 minutes that anyone without a fortified sweet tooth will likely go into sugar shock .,0
"Stephen Earnhart 's documentary is a decomposition of healthy eccentric inspiration and ambition -- wearing a cloak of unsentimental , straightforward text -- when it 's really an exercise in gross romanticization of the delusional personality type .",0
It 's a masterpeice .,1
Old-fashioned but thoroughly satisfying entertainment .,1
"Stale first act , Scrooge story , blatant product placement , some very good comedic songs , strong finish , dumb fart jokes .",0
"The predominantly amateur cast is painful to watch , so stilted and unconvincing are the performances .",0
"it sounds sick and twisted , but the miracle of Shainberg 's film is that it truly is romance",1
Do we really need the Tiger Beat version ?,0
A polished and vastly entertaining caper film that puts the sting back into the con .,1
His work with actors is particularly impressive .,1
"With Zoe Clarke-Williams 's lackluster thriller `` New Best Friend '' , who needs enemies ?",0
"It really is a shame that more wo n't get an opportunity to embrace small , sweet ` Evelyn . '",1
It gets the details of its time frame right but it completely misses its emotions .,0
"... certainly an entertaining ride , despite many talky , slow scenes .",1
"Written , flatly , by David Kendall and directed , barely , by There 's Something About Mary co-writer Ed Decter .",0
"A graceless , witless attempt at mating Some Like It Hot with the WWII espionage thriller .",0
It 's one long bore .,0
Press the delete key .,0
A three-hour cinema master class .,1
"Lucas has in fact come closer than anyone could desire to the cheap , graceless , hackneyed sci-fi serials of the '30s and '40s .",0
"Texan director George Ratliff had unlimited access to families and church meetings , and he delivers fascinating psychological fare .",1
There 's a lot of tooth in Roger Dodger .,1
How can such a cold movie claim to express warmth and longing ?,0
"( Drumline ) is entertaining for what it does , and admirable for what it does n't do .",1
Fancy a real downer ?,0
"The Sum of All Fears pretends to be a serious exploration of nuclear terrorism , but it 's really nothing more than warmed-over Cold War paranoia .",0
"A 93-minute condensation of a 26-episode TV series , with all of the pitfalls of such you 'd expect .",0
... one resurrection too many .,0
An exercise in cynicism every bit as ugly as the shabby digital photography and muddy sound .,0
"Boisterous , heartfelt comedy .",1
"May lack the pungent bite of its title , but it 's an enjoyable trifle nonetheless .",1
A lovably old-school Hollywood confection .,1
Begins like a docu-drama but builds its multi-character story with a flourish .,1
"Drumline is -- the mere suggestion , albeit a visually compelling one , of a fully realized story .",1
"The story feels more like a serious read , filled with heavy doses of always enticing Sayles dialogue .",1
Tsai Ming-liang has taken his trademark style and refined it to a crystalline point .,1
"When a set of pre-shooting guidelines a director came up with for his actors turns out to be cleverer , better written and of considerable more interest than the finished film , that 's a bad sign .",0
Happy Times maintains an appealing veneer without becoming too cute about it .,1
"A surprisingly flat retread , hobbled by half-baked setups and sluggish pacing .",0
"Silly stuff , all mixed up together like a term paper from a kid who ca n't quite distinguish one sci-fi work from another .",0
"The fourth `` Pokemon '' is a diverting -- if predictable -- adventure suitable for a matinee , with a message that cautions children about disturbing the world 's delicate ecological balance .",1
"Ray Liotta and Jason Patric do some of their best work in their underwritten roles , but do n't be fooled : Nobody deserves any prizes here .",0
"Victor Rosa is Leguizamo 's best movie work so far , a subtle and richly internalized performance .",1
Five screenwriters are credited with the cliché-laden screenplay ; it seems as if each watered down the version of the one before .,0
"The movie itself is far from disappointing , offering an original take on courtroom movies , a few nifty twists that are so crucial to the genre and another first-rate performance by top-billed star Bruce Willis .",1
I did n't find much fascination in the swinging .,0
This flick is about as cool and crowd-pleasing as a documentary can get .,1
It never rises to its clever what-if concept .,0
Watch Barbershop again if you 're in need of a Cube fix -- this is n't worth sitting through .,0
"He seems to want both , but succeeds in making neither .",0
A fleet-footed and pleasingly upbeat family diversion .,1
"Ultimately too repellent to fully endear itself to American art house audiences , but it is notable for its stylistic austerity and forcefulness .",0
"Every joke is repeated at least -- annoying , is n't it ?",0
This stuck pig of a movie flails limply between bizarre comedy and pallid horror .,0
"While Insomnia is in many ways a conventional , even predictable remake , Nolan 's penetrating undercurrent of cerebral and cinemantic flair lends ( it ) stimulating depth .",1
"It 's unfortunate that Wallace , who wrote Gibson 's Braveheart as well as the recent Pearl Harbor , has such an irrepressible passion for sappy situations and dialogue .",0
A processed comedy chop suey .,0
Full Frontal is the antidote for Soderbergh fans who think he 's gone too commercial since his two Oscar nominated films in 2000,1
"Enough is not a bad movie , just mediocre .",0
Offers a guilt-free trip into feel-good territory .,1
"Opens as promising as any war/adventure film you 'll ever see and dissolves into a routine courtroom drama , better suited for a movie titled `` Glory : A Soldier 's Story . ''",0
Done in mostly by a weak script that ca n't support the epic treatment .,0
"Inventive , fun , intoxicatingly sexy , violent , self-indulgent and maddening .",1
"It may not be a great piece of filmmaking , but its power comes from its soul 's - eye view of how well-meaning patronizing masked a social injustice , at least as represented by this case .",1
"Nelson 's intentions are good , but the end result does no justice to the story itself .",0
"Gay or straight , Kissing Jessica Stein is one of the greatest date movies in years .",1
would seem to have a lock on the title of ugliest movie of the year .,0
"A grim , flat and boring werewolf movie that refuses to develop an energy level .",0
"Shiri is an action film that delivers on the promise of excitement , but it also has a strong dramatic and emotional pull that gradually sneaks up on the audience .",1
"Nicolas Cage is n't the first actor to lead a group of talented friends astray , and this movie wo n't create a ruffle in what is already an erratic career .",0
True tale of courage -- and complicity -- at Auschwitz is a harrowing drama that tries to tell of the unspeakable .,1
"Another wholly unnecessary addition to the growing , moldering pile of , well , extreme stunt pictures .",0
"One of the most haunting , viciously honest coming-of-age films in recent memory .",1
"These self-styled athletes have banged their brains into the ground so frequently and furiously , their capacity to explain themselves has gone the same way as their natural instinct for self-preservation .",0
This low-rent -- and even lower-wit -- rip-off of the Farrelly brothers ' oeuvre gets way too mushy -- and in a relatively short amount of time .,0
"Far too clever by half , Howard 's film is really a series of strung-together moments , with all the spaces in between filled with fantasies , daydreams , memories and one fantastic visual trope after another .",0
At 78 minutes it just zings along with vibrance and warmth .,1
"Had anyone here done anything remotely intelligent , we all could have stopped watching long ago .",0
"What we have here is n't a disaster , exactly , but a very handsomely produced let-down .",0
Be patient with the lovely Hush !,1
"Before long , the film starts playing like General Hospital crossed with a Saturday Night Live spoof of Dog Day Afternoon .",0
Then you 'd do well to check this one out because it 's straight up Twin Peaks action ...,1
Beautifully produced .,1
One can only assume that the jury who bestowed star Hoffman 's brother Gordy with the Waldo Salt Screenwriting award at 2002 's Sundance Festival were honoring an attempt to do something different over actually pulling it off,0
The performances are an absolute joy .,1
It 's uninteresting .,0
"The touch is generally light enough and the performances , for the most part , credible .",1
This bracingly truthful antidote to Hollywood teenage movies that slather Clearasil over the blemishes of youth captures the combustible mixture of a chafing inner loneliness and desperate grandiosity that tend to characterize puberty .,1
The problem is that the movie has no idea of it is serious or not .,0
"Stale , futile scenario .",0
( Leigh ) has a true talent for drawing wrenching performances from his actors ( improvised over many months ) and for conveying the way tiny acts of kindness make ordinary life survivable .,1
Michel Piccoli 's moving performance is this films reason for being .,1
And it 's a lousy one at that .,0
`` Interview '' loses its overall sense of mystery and becomes a TV episode rather than a documentary that you actually buy into .,0
"This latest installment of the horror film franchise that is apparently as invulnerable as its trademark villain has arrived for an incongruous summer playoff , demonstrating yet again that the era of the intelligent , well-made B movie is long gone .",0
The story itself is actually quite vapid .,0
Especially give credit to Affleck .,1
It 's all surface psychodramatics .,0
"The makers of Divine Secrets of the Ya-Ya Sisterhood should offer a free ticket ( second prize , of course , two free tickets ) to anyone who can locate a genuinely honest moment in their movie .",0
"... spiced with humor ( ' I speak fluent flatula , ' advises Denlopp after a rather , er , bubbly exchange with an alien deckhand ) and witty updatings ( Silver 's parrot has been replaced with Morph , a cute alien creature who mimics everyone and everything around )",1
"De Niro looks bored , Murphy recycles Murphy , and you mentally add Showtime to the pile of Hollywood dreck that represents nothing more than the art of the deal .",0
Cox creates a fluid and mesmerizing sequence of images to match the words of Nijinsky 's diaries .,1
"Nothing happens , and it happens to flat characters .",0
An unabashedly schmaltzy and thoroughly enjoyable true story .,1
"The film sounds like the stuff of lurid melodrama , but what makes it interesting as a character study is the fact that the story is told from Paul 's perspective .",1
"It 's sort of in-between , and it works .",1
"The Man From Elysian Fields is a cold , bliss-less work that groans along thinking itself some important comment on how life throws us some beguiling curves .",0
And people make fun of me for liking Showgirls .,0
"Run , do n't walk , to see this barbed and bracing comedy on the big screen .",1
A forceful drama of an alienated executive who re-invents himself .,1
It 's also the year 's sweetest movie .,1
"Unexpected moments of authentically impulsive humor are the hallmark of this bittersweet , uncommonly sincere movie that portrays the frank humanity of ... emotional recovery .",1
Kinnear gives a tremendous performance .,1
... a thoughtful what-if for the heart as well as the mind .,1
` Dragonfly ' is a movie about a bus wreck that turns into a film wreck .,0
"Cinematic pyrotechnics aside , the only thing Avary seems to care about are mean giggles and pulchritude .",0
"Feels aimless for much of its running time , until late in the film when a tidal wave of plot arrives , leaving questions in its wake .",0
"Rouge is less about a superficial midlife crisis than it is about the need to stay in touch with your own skin , at 18 or 80 .",1
"The best thing the film does is to show us not only what that mind looks like , but how the creative process itself operates .",1
"A sharp and quick documentary that is funny and pithy , while illuminating an era of theatrical comedy that , while past , really is n't .",1
Works as pretty contagious fun .,1
"The film is weighed down by supporting characters who are either too goodly , wise and knowing or downright comically evil .",0
A documentary to make the stones weep -- as shameful as it is scary .,0
"With an admirably dark first script by Brent Hanley , Paxton , making his directorial feature debut , does strong , measured work .",1
can see where this dumbed-down concoction is going .,0
Rice never clearly defines his characters or gives us a reason to care about them .,0
"Like Dickens with his passages , McGrath crafts quite moving scenes throughout his resolutely dramatic variation on the novel .",1
A tremendous piece of work .,1
"It 's worth seeing just on the basis of the wisdom , and at times , the startling optimism , of the children .",1
"Best indie of the year , so far .",1
Almost everything else is wan .,0
"While you have to admit it 's semi-amusing to watch Robert DeNiro belt out `` When you 're a Jet , you 're a Jet all the way , '' it 's equally distasteful to watch him sing the lyrics to `` Tonight . ''",0
Punish the vehicle to adore the star .,0
An animation landmark as monumental as Disney 's 1937 breakthrough Snow White and the Seven Dwarfs .,1
"But this new jangle of noise , mayhem and stupidity must be a serious contender for the title .",0
"Throughout all the tumult , a question comes to mind : So why is this so boring ?",0
All these developments and challenges facing Santa weigh down the plot so heavily that they drain all the film of its energy and needlessly strain credibility .,0
And it marks him as one of the most interesting writer/directors working today .,1
"... a gleefully grungy , hilariously wicked black comedy ...",1
"Bluer than the Atlantic and more biologically detailed than an autopsy , the movie ... is , also , frequently hilarious .",1
"Huppert 's show to steal and she makes a meal of it , channeling Kathy Baker 's creepy turn as the repressed mother on Boston Public just as much as 8 Women 's Augustine .",1
"It 's a beautiful film , full of elaborate and twisted characters - and it 's also pretty funny .",1
What might have been acceptable on the printed page of Iles ' book does not translate well to the screen .,0
